path,label
/home/hiddenmist/Aman_Lakshay/EDA/free-spoken-digit-dataset-master/recordings/2_lucas_40.wav,2
/home/hiddenmist/Aman_Lakshay/EDA/free-spoken-digit-dataset-master/recordings/2_lucas_1.wav,2
/home/hiddenmist/Aman_Lakshay/EDA/free-spoken-digit-dataset-master/recordings/2_george_41.wav,2
/home/hiddenmist/Aman_Lakshay/EDA/free-spoken-digit-dataset-master/recordings/3_yweweler_44.wav,3
/home/hiddenmist/Aman_Lakshay/EDA/free-spoken-digit-dataset-master/recordings/0_jackson_6.wav,0
/home/hiddenmist/Aman_Lakshay/EDA/free-spoken-digit-dataset-master/recordings/5_theo_30.wav,5
/home/hiddenmist/Aman_Lakshay/EDA/free-spoken-digit-dataset-master/recordings/1_yweweler_29.wav,1
/home/hiddenmist/Aman_Lakshay/EDA/free-spoken-digit-dataset-master/recordings/8_jackson_31.wav,8
/home/hiddenmist/Aman_Lakshay/EDA/free-spoken-digit-dataset-master/recordings/5_nicolas_41.wav,5
/home/hiddenmist/Aman_Lakshay/EDA/free-spoken-digit-dataset-master/recordings/1_nicolas_22.wav,1
/home/hiddenmist/Aman_Lakshay/EDA/free-spoken-digit-dataset-master/recordings/3_theo_16.wav,3
/home/hiddenmist/Aman_Lakshay/EDA/free-spoken-digit-dataset-master/recordings/7_jackson_32.wav,7
/home/hiddenmist/Aman_Lakshay/EDA/free-spoken-digit-dataset-master/recordings/5_yweweler_0.wav,5
/home/hiddenmist/Aman_Lakshay/EDA/free-spoken-digit-dataset-master/recordings/3_theo_6.wav,3
/home/hiddenmist/Aman_Lakshay/EDA/free-spoken-digit-dataset-master/recordings/9_george_32.wav,9
/home/hiddenmist/Aman_Lakshay/EDA/free-spoken-digit-dataset-master/recordings/8_george_6.wav,8
/home/hiddenmist/Aman_Lakshay/EDA/free-spoken-digit-dataset-master/recordings/3_jackson_40.wav,3
/home/hiddenmist/Aman_Lakshay/EDA/free-spoken-digit-dataset-master/recordings/7_george_31.wav,7
/home/hiddenmist/Aman_Lakshay/EDA/free-spoken-digit-dataset-master/recordings/6_yweweler_29.wav,6
/home/hiddenmist/Aman_Lakshay/EDA/free-spoken-digit-dataset-master/recordings/9_yweweler_10.wav,9
/home/hiddenmist/Aman_Lakshay/EDA/free-spoken-digit-dataset-master/recordings/8_yweweler_36.wav,8
/home/hiddenmist/Aman_Lakshay/EDA/free-spoken-digit-dataset-master/recordings/4_jackson_22.wav,4
/home/hiddenmist/Aman_Lakshay/EDA/free-spoken-digit-dataset-master/recordings/5_jackson_5.wav,5
/home/hiddenmist/Aman_Lakshay/EDA/free-spoken-digit-dataset-master/recordings/6_george_27.wav,6
/home/hiddenmist/Aman_Lakshay/EDA/free-spoken-digit-dataset-master/recordings/6_yweweler_24.wav,6
/home/hiddenmist/Aman_Lakshay/EDA/free-spoken-digit-dataset-master/recordings/6_nicolas_14.wav,6
/home/hiddenmist/Aman_Lakshay/EDA/free-spoken-digit-dataset-master/recordings/3_lucas_28.wav,3
/home/hiddenmist/Aman_Lakshay/EDA/free-spoken-digit-dataset-master/recordings/7_nicolas_2.wav,7
/home/hiddenmist/Aman_Lakshay/EDA/free-spoken-digit-dataset-master/recordings/4_jackson_48.wav,4
/home/hiddenmist/Aman_Lakshay/EDA/free-spoken-digit-dataset-master/recordings/0_theo_30.wav,0
/home/hiddenmist/Aman_Lakshay/EDA/free-spoken-digit-dataset-master/recordings/7_jackson_46.wav,7
/home/hiddenmist/Aman_Lakshay/EDA/free-spoken-digit-dataset-master/recordings/8_lucas_38.wav,8
/home/hiddenmist/Aman_Lakshay/EDA/free-spoken-digit-dataset-master/recordings/4_lucas_12.wav,4
/home/hiddenmist/Aman_Lakshay/EDA/free-spoken-digit-dataset-master/recordings/3_theo_34.wav,3
/home/hiddenmist/Aman_Lakshay/EDA/free-spoken-digit-dataset-master/recordings/4_george_12.wav,4
/home/hiddenmist/Aman_Lakshay/EDA/free-spoken-digit-dataset-master/recordings/6_lucas_0.wav,6
/home/hiddenmist/Aman_Lakshay/EDA/free-spoken-digit-dataset-master/recordings/8_lucas_3.wav,8
/home/hiddenmist/Aman_Lakshay/EDA/free-spoken-digit-dataset-master/recordings/2_nicolas_5.wav,2
/home/hiddenmist/Aman_Lakshay/EDA/free-spoken-digit-dataset-master/recordings/6_yweweler_43.wav,6
/home/hiddenmist/Aman_Lakshay/EDA/free-spoken-digit-dataset-master/recordings/5_yweweler_6.wav,5
/home/hiddenmist/Aman_Lakshay/EDA/free-spoken-digit-dataset-master/recordings/3_yweweler_29.wav,3
/home/hiddenmist/Aman_Lakshay/EDA/free-spoken-digit-dataset-master/recordings/7_nicolas_1.wav,7
/home/hiddenmist/Aman_Lakshay/EDA/free-spoken-digit-dataset-master/recordings/4_george_35.wav,4
/home/hiddenmist/Aman_Lakshay/EDA/free-spoken-digit-dataset-master/recordings/2_jackson_11.wav,2
/home/hiddenmist/Aman_Lakshay/EDA/free-spoken-digit-dataset-master/recordings/9_jackson_43.wav,9
/home/hiddenmist/Aman_Lakshay/EDA/free-spoken-digit-dataset-master/recordings/2_yweweler_49.wav,2
/home/hiddenmist/Aman_Lakshay/EDA/free-spoken-digit-dataset-master/recordings/7_theo_27.wav,7
/home/hiddenmist/Aman_Lakshay/EDA/free-spoken-digit-dataset-master/recordings/8_lucas_18.wav,8
/home/hiddenmist/Aman_Lakshay/EDA/free-spoken-digit-dataset-master/recordings/6_theo_30.wav,6
/home/hiddenmist/Aman_Lakshay/EDA/free-spoken-digit-dataset-master/recordings/5_theo_43.wav,5
/home/hiddenmist/Aman_Lakshay/EDA/free-spoken-digit-dataset-master/recordings/1_theo_0.wav,1
/home/hiddenmist/Aman_Lakshay/EDA/free-spoken-digit-dataset-master/recordings/9_theo_11.wav,9
/home/hiddenmist/Aman_Lakshay/EDA/free-spoken-digit-dataset-master/recordings/8_jackson_17.wav,8
/home/hiddenmist/Aman_Lakshay/EDA/free-spoken-digit-dataset-master/recordings/5_theo_31.wav,5
/home/hiddenmist/Aman_Lakshay/EDA/free-spoken-digit-dataset-master/recordings/6_jackson_1.wav,6
/home/hiddenmist/Aman_Lakshay/EDA/free-spoken-digit-dataset-master/recordings/3_nicolas_17.wav,3
/home/hiddenmist/Aman_Lakshay/EDA/free-spoken-digit-dataset-master/recordings/3_yweweler_40.wav,3
/home/hiddenmist/Aman_Lakshay/EDA/free-spoken-digit-dataset-master/recordings/8_theo_28.wav,8
/home/hiddenmist/Aman_Lakshay/EDA/free-spoken-digit-dataset-master/recordings/9_yweweler_21.wav,9
/home/hiddenmist/Aman_Lakshay/EDA/free-spoken-digit-dataset-master/recordings/6_yweweler_8.wav,6
/home/hiddenmist/Aman_Lakshay/EDA/free-spoken-digit-dataset-master/recordings/8_george_37.wav,8
/home/hiddenmist/Aman_Lakshay/EDA/free-spoken-digit-dataset-master/recordings/7_lucas_44.wav,7
/home/hiddenmist/Aman_Lakshay/EDA/free-spoken-digit-dataset-master/recordings/9_yweweler_30.wav,9
/home/hiddenmist/Aman_Lakshay/EDA/free-spoken-digit-dataset-master/recordings/0_nicolas_17.wav,0
/home/hiddenmist/Aman_Lakshay/EDA/free-spoken-digit-dataset-master/recordings/8_theo_11.wav,8
/home/hiddenmist/Aman_Lakshay/EDA/free-spoken-digit-dataset-master/recordings/0_jackson_33.wav,0
/home/hiddenmist/Aman_Lakshay/EDA/free-spoken-digit-dataset-master/recordings/0_george_45.wav,0
/home/hiddenmist/Aman_Lakshay/EDA/free-spoken-digit-dataset-master/recordings/3_jackson_43.wav,3
/home/hiddenmist/Aman_Lakshay/EDA/free-spoken-digit-dataset-master/recordings/8_jackson_1.wav,8
/home/hiddenmist/Aman_Lakshay/EDA/free-spoken-digit-dataset-master/recordings/0_jackson_30.wav,0
/home/hiddenmist/Aman_Lakshay/EDA/free-spoken-digit-dataset-master/recordings/4_theo_8.wav,4
/home/hiddenmist/Aman_Lakshay/EDA/free-spoken-digit-dataset-master/recordings/2_george_16.wav,2
/home/hiddenmist/Aman_Lakshay/EDA/free-spoken-digit-dataset-master/recordings/2_lucas_20.wav,2
/home/hiddenmist/Aman_Lakshay/EDA/free-spoken-digit-dataset-master/recordings/8_nicolas_37.wav,8
/home/hiddenmist/Aman_Lakshay/EDA/free-spoken-digit-dataset-master/recordings/7_jackson_19.wav,7
/home/hiddenmist/Aman_Lakshay/EDA/free-spoken-digit-dataset-master/recordings/5_nicolas_42.wav,5
/home/hiddenmist/Aman_Lakshay/EDA/free-spoken-digit-dataset-master/recordings/5_lucas_41.wav,5
/home/hiddenmist/Aman_Lakshay/EDA/free-spoken-digit-dataset-master/recordings/4_yweweler_23.wav,4
/home/hiddenmist/Aman_Lakshay/EDA/free-spoken-digit-dataset-master/recordings/5_jackson_18.wav,5
/home/hiddenmist/Aman_Lakshay/EDA/free-spoken-digit-dataset-master/recordings/9_yweweler_29.wav,9
/home/hiddenmist/Aman_Lakshay/EDA/free-spoken-digit-dataset-master/recordings/6_theo_38.wav,6
/home/hiddenmist/Aman_Lakshay/EDA/free-spoken-digit-dataset-master/recordings/6_theo_29.wav,6
/home/hiddenmist/Aman_Lakshay/EDA/free-spoken-digit-dataset-master/recordings/5_lucas_16.wav,5
/home/hiddenmist/Aman_Lakshay/EDA/free-spoken-digit-dataset-master/recordings/7_lucas_0.wav,7
/home/hiddenmist/Aman_Lakshay/EDA/free-spoken-digit-dataset-master/recordings/4_jackson_39.wav,4
/home/hiddenmist/Aman_Lakshay/EDA/free-spoken-digit-dataset-master/recordings/4_george_21.wav,4
/home/hiddenmist/Aman_Lakshay/EDA/free-spoken-digit-dataset-master/recordings/4_nicolas_43.wav,4
/home/hiddenmist/Aman_Lakshay/EDA/free-spoken-digit-dataset-master/recordings/9_jackson_4.wav,9
/home/hiddenmist/Aman_Lakshay/EDA/free-spoken-digit-dataset-master/recordings/1_yweweler_24.wav,1
/home/hiddenmist/Aman_Lakshay/EDA/free-spoken-digit-dataset-master/recordings/2_theo_39.wav,2
/home/hiddenmist/Aman_Lakshay/EDA/free-spoken-digit-dataset-master/recordings/2_george_22.wav,2
/home/hiddenmist/Aman_Lakshay/EDA/free-spoken-digit-dataset-master/recordings/9_lucas_46.wav,9
/home/hiddenmist/Aman_Lakshay/EDA/free-spoken-digit-dataset-master/recordings/5_theo_21.wav,5
/home/hiddenmist/Aman_Lakshay/EDA/free-spoken-digit-dataset-master/recordings/0_nicolas_27.wav,0
/home/hiddenmist/Aman_Lakshay/EDA/free-spoken-digit-dataset-master/recordings/1_george_14.wav,1
/home/hiddenmist/Aman_Lakshay/EDA/free-spoken-digit-dataset-master/recordings/7_theo_0.wav,7
/home/hiddenmist/Aman_Lakshay/EDA/free-spoken-digit-dataset-master/recordings/4_lucas_42.wav,4
/home/hiddenmist/Aman_Lakshay/EDA/free-spoken-digit-dataset-master/recordings/1_theo_31.wav,1
/home/hiddenmist/Aman_Lakshay/EDA/free-spoken-digit-dataset-master/recordings/2_theo_34.wav,2
/home/hiddenmist/Aman_Lakshay/EDA/free-spoken-digit-dataset-master/recordings/3_george_30.wav,3
/home/hiddenmist/Aman_Lakshay/EDA/free-spoken-digit-dataset-master/recordings/0_lucas_15.wav,0
/home/hiddenmist/Aman_Lakshay/EDA/free-spoken-digit-dataset-master/recordings/3_lucas_23.wav,3
/home/hiddenmist/Aman_Lakshay/EDA/free-spoken-digit-dataset-master/recordings/7_theo_16.wav,7
/home/hiddenmist/Aman_Lakshay/EDA/free-spoken-digit-dataset-master/recordings/8_theo_39.wav,8
/home/hiddenmist/Aman_Lakshay/EDA/free-spoken-digit-dataset-master/recordings/9_yweweler_15.wav,9
/home/hiddenmist/Aman_Lakshay/EDA/free-spoken-digit-dataset-master/recordings/7_yweweler_1.wav,7
/home/hiddenmist/Aman_Lakshay/EDA/free-spoken-digit-dataset-master/recordings/1_george_22.wav,1
/home/hiddenmist/Aman_Lakshay/EDA/free-spoken-digit-dataset-master/recordings/0_lucas_28.wav,0
/home/hiddenmist/Aman_Lakshay/EDA/free-spoken-digit-dataset-master/recordings/1_theo_47.wav,1
/home/hiddenmist/Aman_Lakshay/EDA/free-spoken-digit-dataset-master/recordings/3_george_38.wav,3
/home/hiddenmist/Aman_Lakshay/EDA/free-spoken-digit-dataset-master/recordings/2_lucas_12.wav,2
/home/hiddenmist/Aman_Lakshay/EDA/free-spoken-digit-dataset-master/recordings/8_jackson_48.wav,8
/home/hiddenmist/Aman_Lakshay/EDA/free-spoken-digit-dataset-master/recordings/5_yweweler_47.wav,5
/home/hiddenmist/Aman_Lakshay/EDA/free-spoken-digit-dataset-master/recordings/3_lucas_30.wav,3
/home/hiddenmist/Aman_Lakshay/EDA/free-spoken-digit-dataset-master/recordings/3_jackson_15.wav,3
/home/hiddenmist/Aman_Lakshay/EDA/free-spoken-digit-dataset-master/recordings/4_nicolas_5.wav,4
/home/hiddenmist/Aman_Lakshay/EDA/free-spoken-digit-dataset-master/recordings/2_jackson_28.wav,2
/home/hiddenmist/Aman_Lakshay/EDA/free-spoken-digit-dataset-master/recordings/9_yweweler_22.wav,9
/home/hiddenmist/Aman_Lakshay/EDA/free-spoken-digit-dataset-master/recordings/1_jackson_45.wav,1
/home/hiddenmist/Aman_Lakshay/EDA/free-spoken-digit-dataset-master/recordings/3_george_7.wav,3
/home/hiddenmist/Aman_Lakshay/EDA/free-spoken-digit-dataset-master/recordings/3_lucas_39.wav,3
/home/hiddenmist/Aman_Lakshay/EDA/free-spoken-digit-dataset-master/recordings/6_yweweler_7.wav,6
/home/hiddenmist/Aman_Lakshay/EDA/free-spoken-digit-dataset-master/recordings/9_yweweler_6.wav,9
/home/hiddenmist/Aman_Lakshay/EDA/free-spoken-digit-dataset-master/recordings/1_jackson_28.wav,1
/home/hiddenmist/Aman_Lakshay/EDA/free-spoken-digit-dataset-master/recordings/4_jackson_25.wav,4
/home/hiddenmist/Aman_Lakshay/EDA/free-spoken-digit-dataset-master/recordings/6_theo_15.wav,6
/home/hiddenmist/Aman_Lakshay/EDA/free-spoken-digit-dataset-master/recordings/6_nicolas_42.wav,6
/home/hiddenmist/Aman_Lakshay/EDA/free-spoken-digit-dataset-master/recordings/6_nicolas_43.wav,6
/home/hiddenmist/Aman_Lakshay/EDA/free-spoken-digit-dataset-master/recordings/1_lucas_40.wav,1
/home/hiddenmist/Aman_Lakshay/EDA/free-spoken-digit-dataset-master/recordings/5_george_5.wav,5
/home/hiddenmist/Aman_Lakshay/EDA/free-spoken-digit-dataset-master/recordings/0_theo_49.wav,0
/home/hiddenmist/Aman_Lakshay/EDA/free-spoken-digit-dataset-master/recordings/8_jackson_2.wav,8
/home/hiddenmist/Aman_Lakshay/EDA/free-spoken-digit-dataset-master/recordings/9_nicolas_43.wav,9
/home/hiddenmist/Aman_Lakshay/EDA/free-spoken-digit-dataset-master/recordings/5_yweweler_30.wav,5
/home/hiddenmist/Aman_Lakshay/EDA/free-spoken-digit-dataset-master/recordings/0_theo_45.wav,0
/home/hiddenmist/Aman_Lakshay/EDA/free-spoken-digit-dataset-master/recordings/8_nicolas_46.wav,8
/home/hiddenmist/Aman_Lakshay/EDA/free-spoken-digit-dataset-master/recordings/8_theo_38.wav,8
/home/hiddenmist/Aman_Lakshay/EDA/free-spoken-digit-dataset-master/recordings/1_yweweler_18.wav,1
/home/hiddenmist/Aman_Lakshay/EDA/free-spoken-digit-dataset-master/recordings/0_george_35.wav,0
/home/hiddenmist/Aman_Lakshay/EDA/free-spoken-digit-dataset-master/recordings/9_george_28.wav,9
/home/hiddenmist/Aman_Lakshay/EDA/free-spoken-digit-dataset-master/recordings/1_theo_5.wav,1
/home/hiddenmist/Aman_Lakshay/EDA/free-spoken-digit-dataset-master/recordings/5_lucas_9.wav,5
/home/hiddenmist/Aman_Lakshay/EDA/free-spoken-digit-dataset-master/recordings/1_nicolas_46.wav,1
/home/hiddenmist/Aman_Lakshay/EDA/free-spoken-digit-dataset-master/recordings/6_nicolas_3.wav,6
/home/hiddenmist/Aman_Lakshay/EDA/free-spoken-digit-dataset-master/recordings/4_jackson_32.wav,4
/home/hiddenmist/Aman_Lakshay/EDA/free-spoken-digit-dataset-master/recordings/7_george_13.wav,7
/home/hiddenmist/Aman_Lakshay/EDA/free-spoken-digit-dataset-master/recordings/4_yweweler_46.wav,4
/home/hiddenmist/Aman_Lakshay/EDA/free-spoken-digit-dataset-master/recordings/1_lucas_10.wav,1
/home/hiddenmist/Aman_Lakshay/EDA/free-spoken-digit-dataset-master/recordings/5_theo_6.wav,5
/home/hiddenmist/Aman_Lakshay/EDA/free-spoken-digit-dataset-master/recordings/6_nicolas_15.wav,6
/home/hiddenmist/Aman_Lakshay/EDA/free-spoken-digit-dataset-master/recordings/7_theo_11.wav,7
/home/hiddenmist/Aman_Lakshay/EDA/free-spoken-digit-dataset-master/recordings/6_nicolas_23.wav,6
/home/hiddenmist/Aman_Lakshay/EDA/free-spoken-digit-dataset-master/recordings/2_theo_23.wav,2
/home/hiddenmist/Aman_Lakshay/EDA/free-spoken-digit-dataset-master/recordings/8_theo_5.wav,8
/home/hiddenmist/Aman_Lakshay/EDA/free-spoken-digit-dataset-master/recordings/8_nicolas_20.wav,8
/home/hiddenmist/Aman_Lakshay/EDA/free-spoken-digit-dataset-master/recordings/0_theo_11.wav,0
/home/hiddenmist/Aman_Lakshay/EDA/free-spoken-digit-dataset-master/recordings/4_nicolas_44.wav,4
/home/hiddenmist/Aman_Lakshay/EDA/free-spoken-digit-dataset-master/recordings/5_yweweler_14.wav,5
/home/hiddenmist/Aman_Lakshay/EDA/free-spoken-digit-dataset-master/recordings/3_nicolas_16.wav,3
/home/hiddenmist/Aman_Lakshay/EDA/free-spoken-digit-dataset-master/recordings/8_george_21.wav,8
/home/hiddenmist/Aman_Lakshay/EDA/free-spoken-digit-dataset-master/recordings/0_jackson_25.wav,0
/home/hiddenmist/Aman_Lakshay/EDA/free-spoken-digit-dataset-master/recordings/9_theo_38.wav,9
/home/hiddenmist/Aman_Lakshay/EDA/free-spoken-digit-dataset-master/recordings/7_george_46.wav,7
/home/hiddenmist/Aman_Lakshay/EDA/free-spoken-digit-dataset-master/recordings/2_theo_29.wav,2
/home/hiddenmist/Aman_Lakshay/EDA/free-spoken-digit-dataset-master/recordings/9_lucas_15.wav,9
/home/hiddenmist/Aman_Lakshay/EDA/free-spoken-digit-dataset-master/recordings/6_jackson_30.wav,6
/home/hiddenmist/Aman_Lakshay/EDA/free-spoken-digit-dataset-master/recordings/5_lucas_46.wav,5
/home/hiddenmist/Aman_Lakshay/EDA/free-spoken-digit-dataset-master/recordings/8_nicolas_29.wav,8
/home/hiddenmist/Aman_Lakshay/EDA/free-spoken-digit-dataset-master/recordings/9_jackson_28.wav,9
/home/hiddenmist/Aman_Lakshay/EDA/free-spoken-digit-dataset-master/recordings/9_george_49.wav,9
/home/hiddenmist/Aman_Lakshay/EDA/free-spoken-digit-dataset-master/recordings/1_theo_3.wav,1
/home/hiddenmist/Aman_Lakshay/EDA/free-spoken-digit-dataset-master/recordings/8_nicolas_35.wav,8
/home/hiddenmist/Aman_Lakshay/EDA/free-spoken-digit-dataset-master/recordings/1_george_7.wav,1
/home/hiddenmist/Aman_Lakshay/EDA/free-spoken-digit-dataset-master/recordings/1_jackson_14.wav,1
/home/hiddenmist/Aman_Lakshay/EDA/free-spoken-digit-dataset-master/recordings/7_george_16.wav,7
/home/hiddenmist/Aman_Lakshay/EDA/free-spoken-digit-dataset-master/recordings/8_theo_10.wav,8
/home/hiddenmist/Aman_Lakshay/EDA/free-spoken-digit-dataset-master/recordings/4_george_1.wav,4
/home/hiddenmist/Aman_Lakshay/EDA/free-spoken-digit-dataset-master/recordings/0_george_37.wav,0
/home/hiddenmist/Aman_Lakshay/EDA/free-spoken-digit-dataset-master/recordings/8_nicolas_41.wav,8
/home/hiddenmist/Aman_Lakshay/EDA/free-spoken-digit-dataset-master/recordings/9_george_13.wav,9
/home/hiddenmist/Aman_Lakshay/EDA/free-spoken-digit-dataset-master/recordings/8_lucas_47.wav,8
/home/hiddenmist/Aman_Lakshay/EDA/free-spoken-digit-dataset-master/recordings/7_jackson_18.wav,7
/home/hiddenmist/Aman_Lakshay/EDA/free-spoken-digit-dataset-master/recordings/5_jackson_17.wav,5
/home/hiddenmist/Aman_Lakshay/EDA/free-spoken-digit-dataset-master/recordings/6_nicolas_17.wav,6
/home/hiddenmist/Aman_Lakshay/EDA/free-spoken-digit-dataset-master/recordings/1_jackson_2.wav,1
/home/hiddenmist/Aman_Lakshay/EDA/free-spoken-digit-dataset-master/recordings/4_george_46.wav,4
/home/hiddenmist/Aman_Lakshay/EDA/free-spoken-digit-dataset-master/recordings/4_nicolas_16.wav,4
/home/hiddenmist/Aman_Lakshay/EDA/free-spoken-digit-dataset-master/recordings/2_lucas_43.wav,2
/home/hiddenmist/Aman_Lakshay/EDA/free-spoken-digit-dataset-master/recordings/2_yweweler_9.wav,2
/home/hiddenmist/Aman_Lakshay/EDA/free-spoken-digit-dataset-master/recordings/0_yweweler_47.wav,0
/home/hiddenmist/Aman_Lakshay/EDA/free-spoken-digit-dataset-master/recordings/8_theo_6.wav,8
/home/hiddenmist/Aman_Lakshay/EDA/free-spoken-digit-dataset-master/recordings/9_nicolas_24.wav,9
/home/hiddenmist/Aman_Lakshay/EDA/free-spoken-digit-dataset-master/recordings/9_theo_19.wav,9
/home/hiddenmist/Aman_Lakshay/EDA/free-spoken-digit-dataset-master/recordings/6_nicolas_22.wav,6
/home/hiddenmist/Aman_Lakshay/EDA/free-spoken-digit-dataset-master/recordings/6_theo_24.wav,6
/home/hiddenmist/Aman_Lakshay/EDA/free-spoken-digit-dataset-master/recordings/7_yweweler_13.wav,7
/home/hiddenmist/Aman_Lakshay/EDA/free-spoken-digit-dataset-master/recordings/8_nicolas_42.wav,8
/home/hiddenmist/Aman_Lakshay/EDA/free-spoken-digit-dataset-master/recordings/2_george_17.wav,2
/home/hiddenmist/Aman_Lakshay/EDA/free-spoken-digit-dataset-master/recordings/6_lucas_28.wav,6
/home/hiddenmist/Aman_Lakshay/EDA/free-spoken-digit-dataset-master/recordings/2_lucas_24.wav,2
/home/hiddenmist/Aman_Lakshay/EDA/free-spoken-digit-dataset-master/recordings/3_yweweler_12.wav,3
/home/hiddenmist/Aman_Lakshay/EDA/free-spoken-digit-dataset-master/recordings/6_george_24.wav,6
/home/hiddenmist/Aman_Lakshay/EDA/free-spoken-digit-dataset-master/recordings/7_jackson_44.wav,7
/home/hiddenmist/Aman_Lakshay/EDA/free-spoken-digit-dataset-master/recordings/0_lucas_33.wav,0
/home/hiddenmist/Aman_Lakshay/EDA/free-spoken-digit-dataset-master/recordings/5_theo_44.wav,5
/home/hiddenmist/Aman_Lakshay/EDA/free-spoken-digit-dataset-master/recordings/7_nicolas_7.wav,7
/home/hiddenmist/Aman_Lakshay/EDA/free-spoken-digit-dataset-master/recordings/3_george_0.wav,3
/home/hiddenmist/Aman_Lakshay/EDA/free-spoken-digit-dataset-master/recordings/6_jackson_5.wav,6
/home/hiddenmist/Aman_Lakshay/EDA/free-spoken-digit-dataset-master/recordings/8_george_10.wav,8
/home/hiddenmist/Aman_Lakshay/EDA/free-spoken-digit-dataset-master/recordings/0_george_18.wav,0
/home/hiddenmist/Aman_Lakshay/EDA/free-spoken-digit-dataset-master/recordings/6_jackson_15.wav,6
/home/hiddenmist/Aman_Lakshay/EDA/free-spoken-digit-dataset-master/recordings/5_jackson_38.wav,5
/home/hiddenmist/Aman_Lakshay/EDA/free-spoken-digit-dataset-master/recordings/9_theo_2.wav,9
/home/hiddenmist/Aman_Lakshay/EDA/free-spoken-digit-dataset-master/recordings/3_jackson_37.wav,3
/home/hiddenmist/Aman_Lakshay/EDA/free-spoken-digit-dataset-master/recordings/5_nicolas_28.wav,5
/home/hiddenmist/Aman_Lakshay/EDA/free-spoken-digit-dataset-master/recordings/4_yweweler_5.wav,4
/home/hiddenmist/Aman_Lakshay/EDA/free-spoken-digit-dataset-master/recordings/1_george_46.wav,1
/home/hiddenmist/Aman_Lakshay/EDA/free-spoken-digit-dataset-master/recordings/5_lucas_31.wav,5
/home/hiddenmist/Aman_Lakshay/EDA/free-spoken-digit-dataset-master/recordings/1_jackson_48.wav,1
/home/hiddenmist/Aman_Lakshay/EDA/free-spoken-digit-dataset-master/recordings/3_theo_26.wav,3
/home/hiddenmist/Aman_Lakshay/EDA/free-spoken-digit-dataset-master/recordings/1_nicolas_36.wav,1
/home/hiddenmist/Aman_Lakshay/EDA/free-spoken-digit-dataset-master/recordings/5_nicolas_43.wav,5
/home/hiddenmist/Aman_Lakshay/EDA/free-spoken-digit-dataset-master/recordings/4_theo_48.wav,4
/home/hiddenmist/Aman_Lakshay/EDA/free-spoken-digit-dataset-master/recordings/4_theo_3.wav,4
/home/hiddenmist/Aman_Lakshay/EDA/free-spoken-digit-dataset-master/recordings/1_nicolas_6.wav,1
/home/hiddenmist/Aman_Lakshay/EDA/free-spoken-digit-dataset-master/recordings/9_theo_40.wav,9
/home/hiddenmist/Aman_Lakshay/EDA/free-spoken-digit-dataset-master/recordings/7_nicolas_0.wav,7
/home/hiddenmist/Aman_Lakshay/EDA/free-spoken-digit-dataset-master/recordings/3_yweweler_0.wav,3
/home/hiddenmist/Aman_Lakshay/EDA/free-spoken-digit-dataset-master/recordings/4_nicolas_24.wav,4
/home/hiddenmist/Aman_Lakshay/EDA/free-spoken-digit-dataset-master/recordings/2_theo_15.wav,2
/home/hiddenmist/Aman_Lakshay/EDA/free-spoken-digit-dataset-master/recordings/6_jackson_8.wav,6
/home/hiddenmist/Aman_Lakshay/EDA/free-spoken-digit-dataset-master/recordings/4_lucas_30.wav,4
/home/hiddenmist/Aman_Lakshay/EDA/free-spoken-digit-dataset-master/recordings/1_yweweler_14.wav,1
/home/hiddenmist/Aman_Lakshay/EDA/free-spoken-digit-dataset-master/recordings/8_yweweler_23.wav,8
/home/hiddenmist/Aman_Lakshay/EDA/free-spoken-digit-dataset-master/recordings/8_nicolas_4.wav,8
/home/hiddenmist/Aman_Lakshay/EDA/free-spoken-digit-dataset-master/recordings/3_jackson_30.wav,3
/home/hiddenmist/Aman_Lakshay/EDA/free-spoken-digit-dataset-master/recordings/3_jackson_38.wav,3
/home/hiddenmist/Aman_Lakshay/EDA/free-spoken-digit-dataset-master/recordings/3_theo_23.wav,3
/home/hiddenmist/Aman_Lakshay/EDA/free-spoken-digit-dataset-master/recordings/0_nicolas_20.wav,0
/home/hiddenmist/Aman_Lakshay/EDA/free-spoken-digit-dataset-master/recordings/3_jackson_39.wav,3
/home/hiddenmist/Aman_Lakshay/EDA/free-spoken-digit-dataset-master/recordings/8_yweweler_20.wav,8
/home/hiddenmist/Aman_Lakshay/EDA/free-spoken-digit-dataset-master/recordings/0_george_16.wav,0
/home/hiddenmist/Aman_Lakshay/EDA/free-spoken-digit-dataset-master/recordings/5_george_42.wav,5
/home/hiddenmist/Aman_Lakshay/EDA/free-spoken-digit-dataset-master/recordings/3_nicolas_3.wav,3
/home/hiddenmist/Aman_Lakshay/EDA/free-spoken-digit-dataset-master/recordings/8_theo_43.wav,8
/home/hiddenmist/Aman_Lakshay/EDA/free-spoken-digit-dataset-master/recordings/8_george_3.wav,8
/home/hiddenmist/Aman_Lakshay/EDA/free-spoken-digit-dataset-master/recordings/8_jackson_9.wav,8
/home/hiddenmist/Aman_Lakshay/EDA/free-spoken-digit-dataset-master/recordings/7_jackson_10.wav,7
/home/hiddenmist/Aman_Lakshay/EDA/free-spoken-digit-dataset-master/recordings/4_yweweler_2.wav,4
/home/hiddenmist/Aman_Lakshay/EDA/free-spoken-digit-dataset-master/recordings/4_yweweler_15.wav,4
/home/hiddenmist/Aman_Lakshay/EDA/free-spoken-digit-dataset-master/recordings/0_theo_0.wav,0
/home/hiddenmist/Aman_Lakshay/EDA/free-spoken-digit-dataset-master/recordings/2_jackson_16.wav,2
/home/hiddenmist/Aman_Lakshay/EDA/free-spoken-digit-dataset-master/recordings/6_yweweler_13.wav,6
/home/hiddenmist/Aman_Lakshay/EDA/free-spoken-digit-dataset-master/recordings/7_theo_6.wav,7
/home/hiddenmist/Aman_Lakshay/EDA/free-spoken-digit-dataset-master/recordings/8_nicolas_49.wav,8
/home/hiddenmist/Aman_Lakshay/EDA/free-spoken-digit-dataset-master/recordings/2_lucas_15.wav,2
/home/hiddenmist/Aman_Lakshay/EDA/free-spoken-digit-dataset-master/recordings/3_nicolas_42.wav,3
/home/hiddenmist/Aman_Lakshay/EDA/free-spoken-digit-dataset-master/recordings/0_lucas_7.wav,0
/home/hiddenmist/Aman_Lakshay/EDA/free-spoken-digit-dataset-master/recordings/2_lucas_7.wav,2
/home/hiddenmist/Aman_Lakshay/EDA/free-spoken-digit-dataset-master/recordings/4_lucas_9.wav,4
/home/hiddenmist/Aman_Lakshay/EDA/free-spoken-digit-dataset-master/recordings/1_theo_10.wav,1
/home/hiddenmist/Aman_Lakshay/EDA/free-spoken-digit-dataset-master/recordings/9_yweweler_28.wav,9
/home/hiddenmist/Aman_Lakshay/EDA/free-spoken-digit-dataset-master/recordings/1_lucas_47.wav,1
/home/hiddenmist/Aman_Lakshay/EDA/free-spoken-digit-dataset-master/recordings/8_lucas_11.wav,8
/home/hiddenmist/Aman_Lakshay/EDA/free-spoken-digit-dataset-master/recordings/3_nicolas_34.wav,3
/home/hiddenmist/Aman_Lakshay/EDA/free-spoken-digit-dataset-master/recordings/1_theo_7.wav,1
/home/hiddenmist/Aman_Lakshay/EDA/free-spoken-digit-dataset-master/recordings/9_nicolas_0.wav,9
/home/hiddenmist/Aman_Lakshay/EDA/free-spoken-digit-dataset-master/recordings/8_george_2.wav,8
/home/hiddenmist/Aman_Lakshay/EDA/free-spoken-digit-dataset-master/recordings/3_nicolas_14.wav,3
/home/hiddenmist/Aman_Lakshay/EDA/free-spoken-digit-dataset-master/recordings/0_george_40.wav,0
/home/hiddenmist/Aman_Lakshay/EDA/free-spoken-digit-dataset-master/recordings/1_lucas_2.wav,1
/home/hiddenmist/Aman_Lakshay/EDA/free-spoken-digit-dataset-master/recordings/7_george_23.wav,7
/home/hiddenmist/Aman_Lakshay/EDA/free-spoken-digit-dataset-master/recordings/7_yweweler_48.wav,7
/home/hiddenmist/Aman_Lakshay/EDA/free-spoken-digit-dataset-master/recordings/1_nicolas_40.wav,1
/home/hiddenmist/Aman_Lakshay/EDA/free-spoken-digit-dataset-master/recordings/8_nicolas_45.wav,8
/home/hiddenmist/Aman_Lakshay/EDA/free-spoken-digit-dataset-master/recordings/6_george_42.wav,6
/home/hiddenmist/Aman_Lakshay/EDA/free-spoken-digit-dataset-master/recordings/4_jackson_7.wav,4
/home/hiddenmist/Aman_Lakshay/EDA/free-spoken-digit-dataset-master/recordings/4_lucas_14.wav,4
/home/hiddenmist/Aman_Lakshay/EDA/free-spoken-digit-dataset-master/recordings/1_lucas_49.wav,1
/home/hiddenmist/Aman_Lakshay/EDA/free-spoken-digit-dataset-master/recordings/6_lucas_33.wav,6
/home/hiddenmist/Aman_Lakshay/EDA/free-spoken-digit-dataset-master/recordings/4_lucas_0.wav,4
/home/hiddenmist/Aman_Lakshay/EDA/free-spoken-digit-dataset-master/recordings/2_jackson_48.wav,2
/home/hiddenmist/Aman_Lakshay/EDA/free-spoken-digit-dataset-master/recordings/0_lucas_36.wav,0
/home/hiddenmist/Aman_Lakshay/EDA/free-spoken-digit-dataset-master/recordings/3_theo_27.wav,3
/home/hiddenmist/Aman_Lakshay/EDA/free-spoken-digit-dataset-master/recordings/6_jackson_42.wav,6
/home/hiddenmist/Aman_Lakshay/EDA/free-spoken-digit-dataset-master/recordings/2_jackson_8.wav,2
/home/hiddenmist/Aman_Lakshay/EDA/free-spoken-digit-dataset-master/recordings/7_george_39.wav,7
/home/hiddenmist/Aman_Lakshay/EDA/free-spoken-digit-dataset-master/recordings/3_george_36.wav,3
/home/hiddenmist/Aman_Lakshay/EDA/free-spoken-digit-dataset-master/recordings/9_theo_17.wav,9
/home/hiddenmist/Aman_Lakshay/EDA/free-spoken-digit-dataset-master/recordings/9_nicolas_16.wav,9
/home/hiddenmist/Aman_Lakshay/EDA/free-spoken-digit-dataset-master/recordings/1_nicolas_12.wav,1
/home/hiddenmist/Aman_Lakshay/EDA/free-spoken-digit-dataset-master/recordings/9_yweweler_37.wav,9
/home/hiddenmist/Aman_Lakshay/EDA/free-spoken-digit-dataset-master/recordings/7_theo_13.wav,7
/home/hiddenmist/Aman_Lakshay/EDA/free-spoken-digit-dataset-master/recordings/3_yweweler_33.wav,3
/home/hiddenmist/Aman_Lakshay/EDA/free-spoken-digit-dataset-master/recordings/0_jackson_47.wav,0
/home/hiddenmist/Aman_Lakshay/EDA/free-spoken-digit-dataset-master/recordings/4_lucas_34.wav,4
/home/hiddenmist/Aman_Lakshay/EDA/free-spoken-digit-dataset-master/recordings/5_yweweler_37.wav,5
/home/hiddenmist/Aman_Lakshay/EDA/free-spoken-digit-dataset-master/recordings/4_theo_38.wav,4
/home/hiddenmist/Aman_Lakshay/EDA/free-spoken-digit-dataset-master/recordings/0_jackson_15.wav,0
/home/hiddenmist/Aman_Lakshay/EDA/free-spoken-digit-dataset-master/recordings/6_nicolas_28.wav,6
/home/hiddenmist/Aman_Lakshay/EDA/free-spoken-digit-dataset-master/recordings/5_george_4.wav,5
/home/hiddenmist/Aman_Lakshay/EDA/free-spoken-digit-dataset-master/recordings/8_yweweler_6.wav,8
/home/hiddenmist/Aman_Lakshay/EDA/free-spoken-digit-dataset-master/recordings/5_george_6.wav,5
/home/hiddenmist/Aman_Lakshay/EDA/free-spoken-digit-dataset-master/recordings/0_nicolas_44.wav,0
/home/hiddenmist/Aman_Lakshay/EDA/free-spoken-digit-dataset-master/recordings/9_lucas_30.wav,9
/home/hiddenmist/Aman_Lakshay/EDA/free-spoken-digit-dataset-master/recordings/4_lucas_5.wav,4
/home/hiddenmist/Aman_Lakshay/EDA/free-spoken-digit-dataset-master/recordings/1_lucas_30.wav,1
/home/hiddenmist/Aman_Lakshay/EDA/free-spoken-digit-dataset-master/recordings/1_lucas_13.wav,1
/home/hiddenmist/Aman_Lakshay/EDA/free-spoken-digit-dataset-master/recordings/5_theo_34.wav,5
/home/hiddenmist/Aman_Lakshay/EDA/free-spoken-digit-dataset-master/recordings/0_theo_41.wav,0
/home/hiddenmist/Aman_Lakshay/EDA/free-spoken-digit-dataset-master/recordings/0_nicolas_14.wav,0
/home/hiddenmist/Aman_Lakshay/EDA/free-spoken-digit-dataset-master/recordings/1_lucas_46.wav,1
/home/hiddenmist/Aman_Lakshay/EDA/free-spoken-digit-dataset-master/recordings/1_lucas_43.wav,1
/home/hiddenmist/Aman_Lakshay/EDA/free-spoken-digit-dataset-master/recordings/7_lucas_46.wav,7
/home/hiddenmist/Aman_Lakshay/EDA/free-spoken-digit-dataset-master/recordings/7_jackson_47.wav,7
/home/hiddenmist/Aman_Lakshay/EDA/free-spoken-digit-dataset-master/recordings/6_yweweler_20.wav,6
/home/hiddenmist/Aman_Lakshay/EDA/free-spoken-digit-dataset-master/recordings/3_lucas_43.wav,3
/home/hiddenmist/Aman_Lakshay/EDA/free-spoken-digit-dataset-master/recordings/5_theo_0.wav,5
/home/hiddenmist/Aman_Lakshay/EDA/free-spoken-digit-dataset-master/recordings/9_lucas_29.wav,9
/home/hiddenmist/Aman_Lakshay/EDA/free-spoken-digit-dataset-master/recordings/7_jackson_25.wav,7
/home/hiddenmist/Aman_Lakshay/EDA/free-spoken-digit-dataset-master/recordings/3_yweweler_31.wav,3
/home/hiddenmist/Aman_Lakshay/EDA/free-spoken-digit-dataset-master/recordings/2_george_21.wav,2
/home/hiddenmist/Aman_Lakshay/EDA/free-spoken-digit-dataset-master/recordings/7_theo_31.wav,7
/home/hiddenmist/Aman_Lakshay/EDA/free-spoken-digit-dataset-master/recordings/5_george_12.wav,5
/home/hiddenmist/Aman_Lakshay/EDA/free-spoken-digit-dataset-master/recordings/6_jackson_33.wav,6
/home/hiddenmist/Aman_Lakshay/EDA/free-spoken-digit-dataset-master/recordings/1_nicolas_11.wav,1
/home/hiddenmist/Aman_Lakshay/EDA/free-spoken-digit-dataset-master/recordings/8_nicolas_6.wav,8
/home/hiddenmist/Aman_Lakshay/EDA/free-spoken-digit-dataset-master/recordings/2_george_9.wav,2
/home/hiddenmist/Aman_Lakshay/EDA/free-spoken-digit-dataset-master/recordings/0_theo_3.wav,0
/home/hiddenmist/Aman_Lakshay/EDA/free-spoken-digit-dataset-master/recordings/6_george_11.wav,6
/home/hiddenmist/Aman_Lakshay/EDA/free-spoken-digit-dataset-master/recordings/9_theo_28.wav,9
/home/hiddenmist/Aman_Lakshay/EDA/free-spoken-digit-dataset-master/recordings/7_jackson_15.wav,7
/home/hiddenmist/Aman_Lakshay/EDA/free-spoken-digit-dataset-master/recordings/3_yweweler_10.wav,3
/home/hiddenmist/Aman_Lakshay/EDA/free-spoken-digit-dataset-master/recordings/2_lucas_37.wav,2
/home/hiddenmist/Aman_Lakshay/EDA/free-spoken-digit-dataset-master/recordings/3_george_34.wav,3
/home/hiddenmist/Aman_Lakshay/EDA/free-spoken-digit-dataset-master/recordings/8_nicolas_16.wav,8
/home/hiddenmist/Aman_Lakshay/EDA/free-spoken-digit-dataset-master/recordings/1_theo_39.wav,1
/home/hiddenmist/Aman_Lakshay/EDA/free-spoken-digit-dataset-master/recordings/0_george_4.wav,0
/home/hiddenmist/Aman_Lakshay/EDA/free-spoken-digit-dataset-master/recordings/9_george_6.wav,9
/home/hiddenmist/Aman_Lakshay/EDA/free-spoken-digit-dataset-master/recordings/8_george_13.wav,8
/home/hiddenmist/Aman_Lakshay/EDA/free-spoken-digit-dataset-master/recordings/2_yweweler_25.wav,2
/home/hiddenmist/Aman_Lakshay/EDA/free-spoken-digit-dataset-master/recordings/8_jackson_23.wav,8
/home/hiddenmist/Aman_Lakshay/EDA/free-spoken-digit-dataset-master/recordings/9_yweweler_25.wav,9
/home/hiddenmist/Aman_Lakshay/EDA/free-spoken-digit-dataset-master/recordings/9_lucas_6.wav,9
/home/hiddenmist/Aman_Lakshay/EDA/free-spoken-digit-dataset-master/recordings/3_lucas_21.wav,3
/home/hiddenmist/Aman_Lakshay/EDA/free-spoken-digit-dataset-master/recordings/8_jackson_12.wav,8
/home/hiddenmist/Aman_Lakshay/EDA/free-spoken-digit-dataset-master/recordings/0_theo_22.wav,0
/home/hiddenmist/Aman_Lakshay/EDA/free-spoken-digit-dataset-master/recordings/9_theo_48.wav,9
/home/hiddenmist/Aman_Lakshay/EDA/free-spoken-digit-dataset-master/recordings/1_yweweler_37.wav,1
/home/hiddenmist/Aman_Lakshay/EDA/free-spoken-digit-dataset-master/recordings/0_theo_23.wav,0
/home/hiddenmist/Aman_Lakshay/EDA/free-spoken-digit-dataset-master/recordings/5_jackson_3.wav,5
/home/hiddenmist/Aman_Lakshay/EDA/free-spoken-digit-dataset-master/recordings/9_lucas_9.wav,9
/home/hiddenmist/Aman_Lakshay/EDA/free-spoken-digit-dataset-master/recordings/6_nicolas_11.wav,6
/home/hiddenmist/Aman_Lakshay/EDA/free-spoken-digit-dataset-master/recordings/9_nicolas_3.wav,9
/home/hiddenmist/Aman_Lakshay/EDA/free-spoken-digit-dataset-master/recordings/6_george_15.wav,6
/home/hiddenmist/Aman_Lakshay/EDA/free-spoken-digit-dataset-master/recordings/7_yweweler_19.wav,7
/home/hiddenmist/Aman_Lakshay/EDA/free-spoken-digit-dataset-master/recordings/7_theo_40.wav,7
/home/hiddenmist/Aman_Lakshay/EDA/free-spoken-digit-dataset-master/recordings/7_jackson_11.wav,7
/home/hiddenmist/Aman_Lakshay/EDA/free-spoken-digit-dataset-master/recordings/9_jackson_9.wav,9
/home/hiddenmist/Aman_Lakshay/EDA/free-spoken-digit-dataset-master/recordings/9_yweweler_46.wav,9
/home/hiddenmist/Aman_Lakshay/EDA/free-spoken-digit-dataset-master/recordings/1_yweweler_32.wav,1
/home/hiddenmist/Aman_Lakshay/EDA/free-spoken-digit-dataset-master/recordings/9_george_30.wav,9
/home/hiddenmist/Aman_Lakshay/EDA/free-spoken-digit-dataset-master/recordings/2_lucas_47.wav,2
/home/hiddenmist/Aman_Lakshay/EDA/free-spoken-digit-dataset-master/recordings/0_theo_1.wav,0
/home/hiddenmist/Aman_Lakshay/EDA/free-spoken-digit-dataset-master/recordings/3_yweweler_37.wav,3
/home/hiddenmist/Aman_Lakshay/EDA/free-spoken-digit-dataset-master/recordings/5_jackson_6.wav,5
/home/hiddenmist/Aman_Lakshay/EDA/free-spoken-digit-dataset-master/recordings/9_theo_24.wav,9
/home/hiddenmist/Aman_Lakshay/EDA/free-spoken-digit-dataset-master/recordings/3_george_20.wav,3
/home/hiddenmist/Aman_Lakshay/EDA/free-spoken-digit-dataset-master/recordings/4_george_45.wav,4
/home/hiddenmist/Aman_Lakshay/EDA/free-spoken-digit-dataset-master/recordings/4_nicolas_19.wav,4
/home/hiddenmist/Aman_Lakshay/EDA/free-spoken-digit-dataset-master/recordings/6_nicolas_12.wav,6
/home/hiddenmist/Aman_Lakshay/EDA/free-spoken-digit-dataset-master/recordings/8_george_33.wav,8
/home/hiddenmist/Aman_Lakshay/EDA/free-spoken-digit-dataset-master/recordings/3_george_28.wav,3
/home/hiddenmist/Aman_Lakshay/EDA/free-spoken-digit-dataset-master/recordings/2_nicolas_35.wav,2
/home/hiddenmist/Aman_Lakshay/EDA/free-spoken-digit-dataset-master/recordings/9_theo_31.wav,9
/home/hiddenmist/Aman_Lakshay/EDA/free-spoken-digit-dataset-master/recordings/5_jackson_19.wav,5
/home/hiddenmist/Aman_Lakshay/EDA/free-spoken-digit-dataset-master/recordings/0_jackson_28.wav,0
/home/hiddenmist/Aman_Lakshay/EDA/free-spoken-digit-dataset-master/recordings/5_jackson_14.wav,5
/home/hiddenmist/Aman_Lakshay/EDA/free-spoken-digit-dataset-master/recordings/5_george_15.wav,5
/home/hiddenmist/Aman_Lakshay/EDA/free-spoken-digit-dataset-master/recordings/9_jackson_11.wav,9
/home/hiddenmist/Aman_Lakshay/EDA/free-spoken-digit-dataset-master/recordings/1_yweweler_21.wav,1
/home/hiddenmist/Aman_Lakshay/EDA/free-spoken-digit-dataset-master/recordings/2_yweweler_37.wav,2
/home/hiddenmist/Aman_Lakshay/EDA/free-spoken-digit-dataset-master/recordings/7_george_14.wav,7
/home/hiddenmist/Aman_Lakshay/EDA/free-spoken-digit-dataset-master/recordings/9_nicolas_14.wav,9
/home/hiddenmist/Aman_Lakshay/EDA/free-spoken-digit-dataset-master/recordings/6_jackson_3.wav,6
/home/hiddenmist/Aman_Lakshay/EDA/free-spoken-digit-dataset-master/recordings/3_yweweler_1.wav,3
/home/hiddenmist/Aman_Lakshay/EDA/free-spoken-digit-dataset-master/recordings/3_lucas_2.wav,3
/home/hiddenmist/Aman_Lakshay/EDA/free-spoken-digit-dataset-master/recordings/6_jackson_10.wav,6
/home/hiddenmist/Aman_Lakshay/EDA/free-spoken-digit-dataset-master/recordings/6_jackson_14.wav,6
/home/hiddenmist/Aman_Lakshay/EDA/free-spoken-digit-dataset-master/recordings/2_theo_27.wav,2
/home/hiddenmist/Aman_Lakshay/EDA/free-spoken-digit-dataset-master/recordings/5_george_35.wav,5
/home/hiddenmist/Aman_Lakshay/EDA/free-spoken-digit-dataset-master/recordings/5_lucas_22.wav,5
/home/hiddenmist/Aman_Lakshay/EDA/free-spoken-digit-dataset-master/recordings/5_george_8.wav,5
/home/hiddenmist/Aman_Lakshay/EDA/free-spoken-digit-dataset-master/recordings/7_nicolas_9.wav,7
/home/hiddenmist/Aman_Lakshay/EDA/free-spoken-digit-dataset-master/recordings/4_jackson_28.wav,4
/home/hiddenmist/Aman_Lakshay/EDA/free-spoken-digit-dataset-master/recordings/3_jackson_10.wav,3
/home/hiddenmist/Aman_Lakshay/EDA/free-spoken-digit-dataset-master/recordings/2_yweweler_35.wav,2
/home/hiddenmist/Aman_Lakshay/EDA/free-spoken-digit-dataset-master/recordings/0_lucas_6.wav,0
/home/hiddenmist/Aman_Lakshay/EDA/free-spoken-digit-dataset-master/recordings/4_jackson_30.wav,4
/home/hiddenmist/Aman_Lakshay/EDA/free-spoken-digit-dataset-master/recordings/1_george_45.wav,1
/home/hiddenmist/Aman_Lakshay/EDA/free-spoken-digit-dataset-master/recordings/2_yweweler_47.wav,2
/home/hiddenmist/Aman_Lakshay/EDA/free-spoken-digit-dataset-master/recordings/6_nicolas_26.wav,6
/home/hiddenmist/Aman_Lakshay/EDA/free-spoken-digit-dataset-master/recordings/7_lucas_18.wav,7
/home/hiddenmist/Aman_Lakshay/EDA/free-spoken-digit-dataset-master/recordings/3_jackson_11.wav,3
/home/hiddenmist/Aman_Lakshay/EDA/free-spoken-digit-dataset-master/recordings/3_jackson_17.wav,3
/home/hiddenmist/Aman_Lakshay/EDA/free-spoken-digit-dataset-master/recordings/9_jackson_10.wav,9
/home/hiddenmist/Aman_Lakshay/EDA/free-spoken-digit-dataset-master/recordings/1_jackson_9.wav,1
/home/hiddenmist/Aman_Lakshay/EDA/free-spoken-digit-dataset-master/recordings/1_theo_45.wav,1
/home/hiddenmist/Aman_Lakshay/EDA/free-spoken-digit-dataset-master/recordings/9_theo_0.wav,9
/home/hiddenmist/Aman_Lakshay/EDA/free-spoken-digit-dataset-master/recordings/7_yweweler_14.wav,7
/home/hiddenmist/Aman_Lakshay/EDA/free-spoken-digit-dataset-master/recordings/5_lucas_42.wav,5
/home/hiddenmist/Aman_Lakshay/EDA/free-spoken-digit-dataset-master/recordings/6_lucas_24.wav,6
/home/hiddenmist/Aman_Lakshay/EDA/free-spoken-digit-dataset-master/recordings/7_yweweler_30.wav,7
/home/hiddenmist/Aman_Lakshay/EDA/free-spoken-digit-dataset-master/recordings/2_jackson_13.wav,2
/home/hiddenmist/Aman_Lakshay/EDA/free-spoken-digit-dataset-master/recordings/4_jackson_11.wav,4
/home/hiddenmist/Aman_Lakshay/EDA/free-spoken-digit-dataset-master/recordings/0_lucas_42.wav,0
/home/hiddenmist/Aman_Lakshay/EDA/free-spoken-digit-dataset-master/recordings/9_nicolas_35.wav,9
/home/hiddenmist/Aman_Lakshay/EDA/free-spoken-digit-dataset-master/recordings/4_theo_39.wav,4
/home/hiddenmist/Aman_Lakshay/EDA/free-spoken-digit-dataset-master/recordings/8_lucas_40.wav,8
/home/hiddenmist/Aman_Lakshay/EDA/free-spoken-digit-dataset-master/recordings/9_lucas_27.wav,9
/home/hiddenmist/Aman_Lakshay/EDA/free-spoken-digit-dataset-master/recordings/2_george_28.wav,2
/home/hiddenmist/Aman_Lakshay/EDA/free-spoken-digit-dataset-master/recordings/7_yweweler_35.wav,7
/home/hiddenmist/Aman_Lakshay/EDA/free-spoken-digit-dataset-master/recordings/9_jackson_25.wav,9
/home/hiddenmist/Aman_Lakshay/EDA/free-spoken-digit-dataset-master/recordings/4_george_24.wav,4
/home/hiddenmist/Aman_Lakshay/EDA/free-spoken-digit-dataset-master/recordings/7_theo_19.wav,7
/home/hiddenmist/Aman_Lakshay/EDA/free-spoken-digit-dataset-master/recordings/2_jackson_35.wav,2
/home/hiddenmist/Aman_Lakshay/EDA/free-spoken-digit-dataset-master/recordings/9_nicolas_39.wav,9
/home/hiddenmist/Aman_Lakshay/EDA/free-spoken-digit-dataset-master/recordings/3_yweweler_34.wav,3
/home/hiddenmist/Aman_Lakshay/EDA/free-spoken-digit-dataset-master/recordings/3_theo_47.wav,3
/home/hiddenmist/Aman_Lakshay/EDA/free-spoken-digit-dataset-master/recordings/9_jackson_48.wav,9
/home/hiddenmist/Aman_Lakshay/EDA/free-spoken-digit-dataset-master/recordings/6_george_35.wav,6
/home/hiddenmist/Aman_Lakshay/EDA/free-spoken-digit-dataset-master/recordings/9_george_44.wav,9
/home/hiddenmist/Aman_Lakshay/EDA/free-spoken-digit-dataset-master/recordings/4_jackson_36.wav,4
/home/hiddenmist/Aman_Lakshay/EDA/free-spoken-digit-dataset-master/recordings/9_george_31.wav,9
/home/hiddenmist/Aman_Lakshay/EDA/free-spoken-digit-dataset-master/recordings/5_nicolas_12.wav,5
/home/hiddenmist/Aman_Lakshay/EDA/free-spoken-digit-dataset-master/recordings/5_nicolas_4.wav,5
/home/hiddenmist/Aman_Lakshay/EDA/free-spoken-digit-dataset-master/recordings/9_george_38.wav,9
/home/hiddenmist/Aman_Lakshay/EDA/free-spoken-digit-dataset-master/recordings/0_george_11.wav,0
/home/hiddenmist/Aman_Lakshay/EDA/free-spoken-digit-dataset-master/recordings/7_yweweler_31.wav,7
/home/hiddenmist/Aman_Lakshay/EDA/free-spoken-digit-dataset-master/recordings/4_jackson_12.wav,4
/home/hiddenmist/Aman_Lakshay/EDA/free-spoken-digit-dataset-master/recordings/9_lucas_24.wav,9
/home/hiddenmist/Aman_Lakshay/EDA/free-spoken-digit-dataset-master/recordings/1_yweweler_34.wav,1
/home/hiddenmist/Aman_Lakshay/EDA/free-spoken-digit-dataset-master/recordings/5_yweweler_16.wav,5
/home/hiddenmist/Aman_Lakshay/EDA/free-spoken-digit-dataset-master/recordings/8_yweweler_44.wav,8
/home/hiddenmist/Aman_Lakshay/EDA/free-spoken-digit-dataset-master/recordings/4_yweweler_27.wav,4
/home/hiddenmist/Aman_Lakshay/EDA/free-spoken-digit-dataset-master/recordings/1_lucas_9.wav,1
/home/hiddenmist/Aman_Lakshay/EDA/free-spoken-digit-dataset-master/recordings/7_nicolas_48.wav,7
/home/hiddenmist/Aman_Lakshay/EDA/free-spoken-digit-dataset-master/recordings/5_theo_5.wav,5
/home/hiddenmist/Aman_Lakshay/EDA/free-spoken-digit-dataset-master/recordings/4_yweweler_37.wav,4
/home/hiddenmist/Aman_Lakshay/EDA/free-spoken-digit-dataset-master/recordings/2_lucas_19.wav,2
/home/hiddenmist/Aman_Lakshay/EDA/free-spoken-digit-dataset-master/recordings/0_george_46.wav,0
/home/hiddenmist/Aman_Lakshay/EDA/free-spoken-digit-dataset-master/recordings/9_theo_25.wav,9
/home/hiddenmist/Aman_Lakshay/EDA/free-spoken-digit-dataset-master/recordings/2_nicolas_49.wav,2
/home/hiddenmist/Aman_Lakshay/EDA/free-spoken-digit-dataset-master/recordings/2_jackson_29.wav,2
/home/hiddenmist/Aman_Lakshay/EDA/free-spoken-digit-dataset-master/recordings/8_yweweler_7.wav,8
/home/hiddenmist/Aman_Lakshay/EDA/free-spoken-digit-dataset-master/recordings/0_jackson_31.wav,0
/home/hiddenmist/Aman_Lakshay/EDA/free-spoken-digit-dataset-master/recordings/3_theo_25.wav,3
/home/hiddenmist/Aman_Lakshay/EDA/free-spoken-digit-dataset-master/recordings/4_jackson_23.wav,4
/home/hiddenmist/Aman_Lakshay/EDA/free-spoken-digit-dataset-master/recordings/9_theo_7.wav,9
/home/hiddenmist/Aman_Lakshay/EDA/free-spoken-digit-dataset-master/recordings/0_jackson_16.wav,0
/home/hiddenmist/Aman_Lakshay/EDA/free-spoken-digit-dataset-master/recordings/4_lucas_4.wav,4
/home/hiddenmist/Aman_Lakshay/EDA/free-spoken-digit-dataset-master/recordings/1_george_32.wav,1
/home/hiddenmist/Aman_Lakshay/EDA/free-spoken-digit-dataset-master/recordings/4_theo_47.wav,4
/home/hiddenmist/Aman_Lakshay/EDA/free-spoken-digit-dataset-master/recordings/1_theo_18.wav,1
/home/hiddenmist/Aman_Lakshay/EDA/free-spoken-digit-dataset-master/recordings/7_yweweler_7.wav,7
/home/hiddenmist/Aman_Lakshay/EDA/free-spoken-digit-dataset-master/recordings/1_george_25.wav,1
/home/hiddenmist/Aman_Lakshay/EDA/free-spoken-digit-dataset-master/recordings/3_nicolas_44.wav,3
/home/hiddenmist/Aman_Lakshay/EDA/free-spoken-digit-dataset-master/recordings/4_nicolas_4.wav,4
/home/hiddenmist/Aman_Lakshay/EDA/free-spoken-digit-dataset-master/recordings/3_theo_2.wav,3
/home/hiddenmist/Aman_Lakshay/EDA/free-spoken-digit-dataset-master/recordings/4_nicolas_47.wav,4
/home/hiddenmist/Aman_Lakshay/EDA/free-spoken-digit-dataset-master/recordings/0_yweweler_20.wav,0
/home/hiddenmist/Aman_Lakshay/EDA/free-spoken-digit-dataset-master/recordings/4_yweweler_44.wav,4
/home/hiddenmist/Aman_Lakshay/EDA/free-spoken-digit-dataset-master/recordings/5_jackson_32.wav,5
/home/hiddenmist/Aman_Lakshay/EDA/free-spoken-digit-dataset-master/recordings/1_jackson_35.wav,1
/home/hiddenmist/Aman_Lakshay/EDA/free-spoken-digit-dataset-master/recordings/3_jackson_7.wav,3
/home/hiddenmist/Aman_Lakshay/EDA/free-spoken-digit-dataset-master/recordings/3_jackson_47.wav,3
/home/hiddenmist/Aman_Lakshay/EDA/free-spoken-digit-dataset-master/recordings/1_yweweler_43.wav,1
/home/hiddenmist/Aman_Lakshay/EDA/free-spoken-digit-dataset-master/recordings/6_lucas_14.wav,6
/home/hiddenmist/Aman_Lakshay/EDA/free-spoken-digit-dataset-master/recordings/8_jackson_11.wav,8
/home/hiddenmist/Aman_Lakshay/EDA/free-spoken-digit-dataset-master/recordings/2_lucas_13.wav,2
/home/hiddenmist/Aman_Lakshay/EDA/free-spoken-digit-dataset-master/recordings/9_george_21.wav,9
/home/hiddenmist/Aman_Lakshay/EDA/free-spoken-digit-dataset-master/recordings/1_nicolas_19.wav,1
/home/hiddenmist/Aman_Lakshay/EDA/free-spoken-digit-dataset-master/recordings/2_yweweler_13.wav,2
/home/hiddenmist/Aman_Lakshay/EDA/free-spoken-digit-dataset-master/recordings/7_theo_21.wav,7
/home/hiddenmist/Aman_Lakshay/EDA/free-spoken-digit-dataset-master/recordings/7_theo_18.wav,7
/home/hiddenmist/Aman_Lakshay/EDA/free-spoken-digit-dataset-master/recordings/1_nicolas_29.wav,1
/home/hiddenmist/Aman_Lakshay/EDA/free-spoken-digit-dataset-master/recordings/6_george_17.wav,6
/home/hiddenmist/Aman_Lakshay/EDA/free-spoken-digit-dataset-master/recordings/5_lucas_4.wav,5
/home/hiddenmist/Aman_Lakshay/EDA/free-spoken-digit-dataset-master/recordings/6_lucas_47.wav,6
/home/hiddenmist/Aman_Lakshay/EDA/free-spoken-digit-dataset-master/recordings/1_jackson_31.wav,1
/home/hiddenmist/Aman_Lakshay/EDA/free-spoken-digit-dataset-master/recordings/2_lucas_35.wav,2
/home/hiddenmist/Aman_Lakshay/EDA/free-spoken-digit-dataset-master/recordings/6_nicolas_18.wav,6
/home/hiddenmist/Aman_Lakshay/EDA/free-spoken-digit-dataset-master/recordings/0_nicolas_31.wav,0
/home/hiddenmist/Aman_Lakshay/EDA/free-spoken-digit-dataset-master/recordings/5_yweweler_3.wav,5
/home/hiddenmist/Aman_Lakshay/EDA/free-spoken-digit-dataset-master/recordings/4_lucas_36.wav,4
/home/hiddenmist/Aman_Lakshay/EDA/free-spoken-digit-dataset-master/recordings/0_jackson_36.wav,0
/home/hiddenmist/Aman_Lakshay/EDA/free-spoken-digit-dataset-master/recordings/1_theo_36.wav,1
/home/hiddenmist/Aman_Lakshay/EDA/free-spoken-digit-dataset-master/recordings/7_theo_15.wav,7
/home/hiddenmist/Aman_Lakshay/EDA/free-spoken-digit-dataset-master/recordings/1_theo_43.wav,1
/home/hiddenmist/Aman_Lakshay/EDA/free-spoken-digit-dataset-master/recordings/3_nicolas_7.wav,3
/home/hiddenmist/Aman_Lakshay/EDA/free-spoken-digit-dataset-master/recordings/1_theo_1.wav,1
/home/hiddenmist/Aman_Lakshay/EDA/free-spoken-digit-dataset-master/recordings/1_lucas_29.wav,1
/home/hiddenmist/Aman_Lakshay/EDA/free-spoken-digit-dataset-master/recordings/0_nicolas_13.wav,0
/home/hiddenmist/Aman_Lakshay/EDA/free-spoken-digit-dataset-master/recordings/0_lucas_14.wav,0
/home/hiddenmist/Aman_Lakshay/EDA/free-spoken-digit-dataset-master/recordings/2_nicolas_6.wav,2
/home/hiddenmist/Aman_Lakshay/EDA/free-spoken-digit-dataset-master/recordings/1_george_39.wav,1
/home/hiddenmist/Aman_Lakshay/EDA/free-spoken-digit-dataset-master/recordings/5_theo_23.wav,5
/home/hiddenmist/Aman_Lakshay/EDA/free-spoken-digit-dataset-master/recordings/0_george_14.wav,0
/home/hiddenmist/Aman_Lakshay/EDA/free-spoken-digit-dataset-master/recordings/0_theo_36.wav,0
/home/hiddenmist/Aman_Lakshay/EDA/free-spoken-digit-dataset-master/recordings/0_lucas_0.wav,0
/home/hiddenmist/Aman_Lakshay/EDA/free-spoken-digit-dataset-master/recordings/7_lucas_16.wav,7
/home/hiddenmist/Aman_Lakshay/EDA/free-spoken-digit-dataset-master/recordings/7_jackson_37.wav,7
/home/hiddenmist/Aman_Lakshay/EDA/free-spoken-digit-dataset-master/recordings/0_nicolas_32.wav,0
/home/hiddenmist/Aman_Lakshay/EDA/free-spoken-digit-dataset-master/recordings/4_theo_37.wav,4
/home/hiddenmist/Aman_Lakshay/EDA/free-spoken-digit-dataset-master/recordings/2_nicolas_2.wav,2
/home/hiddenmist/Aman_Lakshay/EDA/free-spoken-digit-dataset-master/recordings/0_nicolas_25.wav,0
/home/hiddenmist/Aman_Lakshay/EDA/free-spoken-digit-dataset-master/recordings/8_theo_33.wav,8
/home/hiddenmist/Aman_Lakshay/EDA/free-spoken-digit-dataset-master/recordings/4_theo_17.wav,4
/home/hiddenmist/Aman_Lakshay/EDA/free-spoken-digit-dataset-master/recordings/9_lucas_12.wav,9
/home/hiddenmist/Aman_Lakshay/EDA/free-spoken-digit-dataset-master/recordings/0_theo_31.wav,0
/home/hiddenmist/Aman_Lakshay/EDA/free-spoken-digit-dataset-master/recordings/7_nicolas_40.wav,7
/home/hiddenmist/Aman_Lakshay/EDA/free-spoken-digit-dataset-master/recordings/7_lucas_21.wav,7
/home/hiddenmist/Aman_Lakshay/EDA/free-spoken-digit-dataset-master/recordings/8_yweweler_28.wav,8
/home/hiddenmist/Aman_Lakshay/EDA/free-spoken-digit-dataset-master/recordings/9_jackson_6.wav,9
/home/hiddenmist/Aman_Lakshay/EDA/free-spoken-digit-dataset-master/recordings/2_george_37.wav,2
/home/hiddenmist/Aman_Lakshay/EDA/free-spoken-digit-dataset-master/recordings/2_theo_6.wav,2
/home/hiddenmist/Aman_Lakshay/EDA/free-spoken-digit-dataset-master/recordings/2_george_6.wav,2
/home/hiddenmist/Aman_Lakshay/EDA/free-spoken-digit-dataset-master/recordings/3_theo_12.wav,3
/home/hiddenmist/Aman_Lakshay/EDA/free-spoken-digit-dataset-master/recordings/0_jackson_49.wav,0
/home/hiddenmist/Aman_Lakshay/EDA/free-spoken-digit-dataset-master/recordings/0_nicolas_6.wav,0
/home/hiddenmist/Aman_Lakshay/EDA/free-spoken-digit-dataset-master/recordings/9_yweweler_24.wav,9
/home/hiddenmist/Aman_Lakshay/EDA/free-spoken-digit-dataset-master/recordings/7_yweweler_4.wav,7
/home/hiddenmist/Aman_Lakshay/EDA/free-spoken-digit-dataset-master/recordings/5_george_37.wav,5
/home/hiddenmist/Aman_Lakshay/EDA/free-spoken-digit-dataset-master/recordings/5_theo_35.wav,5
/home/hiddenmist/Aman_Lakshay/EDA/free-spoken-digit-dataset-master/recordings/0_george_31.wav,0
/home/hiddenmist/Aman_Lakshay/EDA/free-spoken-digit-dataset-master/recordings/4_jackson_38.wav,4
/home/hiddenmist/Aman_Lakshay/EDA/free-spoken-digit-dataset-master/recordings/7_nicolas_27.wav,7
/home/hiddenmist/Aman_Lakshay/EDA/free-spoken-digit-dataset-master/recordings/4_yweweler_48.wav,4
/home/hiddenmist/Aman_Lakshay/EDA/free-spoken-digit-dataset-master/recordings/1_nicolas_30.wav,1
/home/hiddenmist/Aman_Lakshay/EDA/free-spoken-digit-dataset-master/recordings/9_george_34.wav,9
/home/hiddenmist/Aman_Lakshay/EDA/free-spoken-digit-dataset-master/recordings/3_george_46.wav,3
/home/hiddenmist/Aman_Lakshay/EDA/free-spoken-digit-dataset-master/recordings/6_theo_12.wav,6
/home/hiddenmist/Aman_Lakshay/EDA/free-spoken-digit-dataset-master/recordings/9_theo_41.wav,9
/home/hiddenmist/Aman_Lakshay/EDA/free-spoken-digit-dataset-master/recordings/0_theo_35.wav,0
/home/hiddenmist/Aman_Lakshay/EDA/free-spoken-digit-dataset-master/recordings/5_theo_48.wav,5
/home/hiddenmist/Aman_Lakshay/EDA/free-spoken-digit-dataset-master/recordings/8_nicolas_9.wav,8
/home/hiddenmist/Aman_Lakshay/EDA/free-spoken-digit-dataset-master/recordings/2_lucas_38.wav,2
/home/hiddenmist/Aman_Lakshay/EDA/free-spoken-digit-dataset-master/recordings/9_jackson_24.wav,9
/home/hiddenmist/Aman_Lakshay/EDA/free-spoken-digit-dataset-master/recordings/5_jackson_28.wav,5
/home/hiddenmist/Aman_Lakshay/EDA/free-spoken-digit-dataset-master/recordings/0_nicolas_39.wav,0
/home/hiddenmist/Aman_Lakshay/EDA/free-spoken-digit-dataset-master/recordings/1_jackson_5.wav,1
/home/hiddenmist/Aman_Lakshay/EDA/free-spoken-digit-dataset-master/recordings/9_yweweler_43.wav,9
/home/hiddenmist/Aman_Lakshay/EDA/free-spoken-digit-dataset-master/recordings/6_theo_39.wav,6
/home/hiddenmist/Aman_Lakshay/EDA/free-spoken-digit-dataset-master/recordings/6_nicolas_16.wav,6
/home/hiddenmist/Aman_Lakshay/EDA/free-spoken-digit-dataset-master/recordings/2_lucas_10.wav,2
/home/hiddenmist/Aman_Lakshay/EDA/free-spoken-digit-dataset-master/recordings/5_yweweler_2.wav,5
/home/hiddenmist/Aman_Lakshay/EDA/free-spoken-digit-dataset-master/recordings/7_theo_49.wav,7
/home/hiddenmist/Aman_Lakshay/EDA/free-spoken-digit-dataset-master/recordings/9_lucas_39.wav,9
/home/hiddenmist/Aman_Lakshay/EDA/free-spoken-digit-dataset-master/recordings/9_george_37.wav,9
/home/hiddenmist/Aman_Lakshay/EDA/free-spoken-digit-dataset-master/recordings/5_nicolas_48.wav,5
/home/hiddenmist/Aman_Lakshay/EDA/free-spoken-digit-dataset-master/recordings/9_nicolas_9.wav,9
/home/hiddenmist/Aman_Lakshay/EDA/free-spoken-digit-dataset-master/recordings/7_jackson_17.wav,7
/home/hiddenmist/Aman_Lakshay/EDA/free-spoken-digit-dataset-master/recordings/8_yweweler_22.wav,8
/home/hiddenmist/Aman_Lakshay/EDA/free-spoken-digit-dataset-master/recordings/7_yweweler_41.wav,7
/home/hiddenmist/Aman_Lakshay/EDA/free-spoken-digit-dataset-master/recordings/0_nicolas_29.wav,0
/home/hiddenmist/Aman_Lakshay/EDA/free-spoken-digit-dataset-master/recordings/1_george_41.wav,1
/home/hiddenmist/Aman_Lakshay/EDA/free-spoken-digit-dataset-master/recordings/9_lucas_22.wav,9
/home/hiddenmist/Aman_Lakshay/EDA/free-spoken-digit-dataset-master/recordings/9_lucas_13.wav,9
/home/hiddenmist/Aman_Lakshay/EDA/free-spoken-digit-dataset-master/recordings/3_yweweler_39.wav,3
/home/hiddenmist/Aman_Lakshay/EDA/free-spoken-digit-dataset-master/recordings/3_theo_36.wav,3
/home/hiddenmist/Aman_Lakshay/EDA/free-spoken-digit-dataset-master/recordings/1_lucas_18.wav,1
/home/hiddenmist/Aman_Lakshay/EDA/free-spoken-digit-dataset-master/recordings/6_jackson_24.wav,6
/home/hiddenmist/Aman_Lakshay/EDA/free-spoken-digit-dataset-master/recordings/7_george_15.wav,7
/home/hiddenmist/Aman_Lakshay/EDA/free-spoken-digit-dataset-master/recordings/8_george_35.wav,8
/home/hiddenmist/Aman_Lakshay/EDA/free-spoken-digit-dataset-master/recordings/7_nicolas_22.wav,7
/home/hiddenmist/Aman_Lakshay/EDA/free-spoken-digit-dataset-master/recordings/6_lucas_20.wav,6
/home/hiddenmist/Aman_Lakshay/EDA/free-spoken-digit-dataset-master/recordings/4_theo_29.wav,4
/home/hiddenmist/Aman_Lakshay/EDA/free-spoken-digit-dataset-master/recordings/2_theo_33.wav,2
/home/hiddenmist/Aman_Lakshay/EDA/free-spoken-digit-dataset-master/recordings/0_lucas_37.wav,0
/home/hiddenmist/Aman_Lakshay/EDA/free-spoken-digit-dataset-master/recordings/5_jackson_10.wav,5
/home/hiddenmist/Aman_Lakshay/EDA/free-spoken-digit-dataset-master/recordings/8_george_49.wav,8
/home/hiddenmist/Aman_Lakshay/EDA/free-spoken-digit-dataset-master/recordings/1_george_40.wav,1
/home/hiddenmist/Aman_Lakshay/EDA/free-spoken-digit-dataset-master/recordings/5_lucas_1.wav,5
/home/hiddenmist/Aman_Lakshay/EDA/free-spoken-digit-dataset-master/recordings/6_yweweler_9.wav,6
/home/hiddenmist/Aman_Lakshay/EDA/free-spoken-digit-dataset-master/recordings/8_george_16.wav,8
/home/hiddenmist/Aman_Lakshay/EDA/free-spoken-digit-dataset-master/recordings/0_jackson_40.wav,0
/home/hiddenmist/Aman_Lakshay/EDA/free-spoken-digit-dataset-master/recordings/2_yweweler_11.wav,2
/home/hiddenmist/Aman_Lakshay/EDA/free-spoken-digit-dataset-master/recordings/7_nicolas_39.wav,7
/home/hiddenmist/Aman_Lakshay/EDA/free-spoken-digit-dataset-master/recordings/1_jackson_36.wav,1
/home/hiddenmist/Aman_Lakshay/EDA/free-spoken-digit-dataset-master/recordings/1_nicolas_34.wav,1
/home/hiddenmist/Aman_Lakshay/EDA/free-spoken-digit-dataset-master/recordings/3_lucas_20.wav,3
/home/hiddenmist/Aman_Lakshay/EDA/free-spoken-digit-dataset-master/recordings/5_lucas_38.wav,5
/home/hiddenmist/Aman_Lakshay/EDA/free-spoken-digit-dataset-master/recordings/3_lucas_15.wav,3
/home/hiddenmist/Aman_Lakshay/EDA/free-spoken-digit-dataset-master/recordings/2_yweweler_40.wav,2
/home/hiddenmist/Aman_Lakshay/EDA/free-spoken-digit-dataset-master/recordings/8_yweweler_43.wav,8
/home/hiddenmist/Aman_Lakshay/EDA/free-spoken-digit-dataset-master/recordings/1_yweweler_10.wav,1
/home/hiddenmist/Aman_Lakshay/EDA/free-spoken-digit-dataset-master/recordings/7_george_26.wav,7
/home/hiddenmist/Aman_Lakshay/EDA/free-spoken-digit-dataset-master/recordings/7_yweweler_34.wav,7
/home/hiddenmist/Aman_Lakshay/EDA/free-spoken-digit-dataset-master/recordings/5_lucas_19.wav,5
/home/hiddenmist/Aman_Lakshay/EDA/free-spoken-digit-dataset-master/recordings/4_yweweler_41.wav,4
/home/hiddenmist/Aman_Lakshay/EDA/free-spoken-digit-dataset-master/recordings/2_nicolas_10.wav,2
/home/hiddenmist/Aman_Lakshay/EDA/free-spoken-digit-dataset-master/recordings/8_yweweler_9.wav,8
/home/hiddenmist/Aman_Lakshay/EDA/free-spoken-digit-dataset-master/recordings/6_george_16.wav,6
/home/hiddenmist/Aman_Lakshay/EDA/free-spoken-digit-dataset-master/recordings/9_jackson_3.wav,9
/home/hiddenmist/Aman_Lakshay/EDA/free-spoken-digit-dataset-master/recordings/9_nicolas_46.wav,9
/home/hiddenmist/Aman_Lakshay/EDA/free-spoken-digit-dataset-master/recordings/0_george_39.wav,0
/home/hiddenmist/Aman_Lakshay/EDA/free-spoken-digit-dataset-master/recordings/8_nicolas_33.wav,8
/home/hiddenmist/Aman_Lakshay/EDA/free-spoken-digit-dataset-master/recordings/9_lucas_0.wav,9
/home/hiddenmist/Aman_Lakshay/EDA/free-spoken-digit-dataset-master/recordings/6_jackson_27.wav,6
/home/hiddenmist/Aman_Lakshay/EDA/free-spoken-digit-dataset-master/recordings/2_yweweler_43.wav,2
/home/hiddenmist/Aman_Lakshay/EDA/free-spoken-digit-dataset-master/recordings/4_theo_19.wav,4
/home/hiddenmist/Aman_Lakshay/EDA/free-spoken-digit-dataset-master/recordings/2_jackson_27.wav,2
/home/hiddenmist/Aman_Lakshay/EDA/free-spoken-digit-dataset-master/recordings/0_theo_37.wav,0
/home/hiddenmist/Aman_Lakshay/EDA/free-spoken-digit-dataset-master/recordings/1_theo_19.wav,1
/home/hiddenmist/Aman_Lakshay/EDA/free-spoken-digit-dataset-master/recordings/5_nicolas_9.wav,5
/home/hiddenmist/Aman_Lakshay/EDA/free-spoken-digit-dataset-master/recordings/2_george_12.wav,2
/home/hiddenmist/Aman_Lakshay/EDA/free-spoken-digit-dataset-master/recordings/1_george_4.wav,1
/home/hiddenmist/Aman_Lakshay/EDA/free-spoken-digit-dataset-master/recordings/6_george_19.wav,6
/home/hiddenmist/Aman_Lakshay/EDA/free-spoken-digit-dataset-master/recordings/6_nicolas_27.wav,6
/home/hiddenmist/Aman_Lakshay/EDA/free-spoken-digit-dataset-master/recordings/3_nicolas_10.wav,3
/home/hiddenmist/Aman_Lakshay/EDA/free-spoken-digit-dataset-master/recordings/9_lucas_8.wav,9
/home/hiddenmist/Aman_Lakshay/EDA/free-spoken-digit-dataset-master/recordings/4_nicolas_39.wav,4
/home/hiddenmist/Aman_Lakshay/EDA/free-spoken-digit-dataset-master/recordings/3_yweweler_13.wav,3
/home/hiddenmist/Aman_Lakshay/EDA/free-spoken-digit-dataset-master/recordings/3_lucas_37.wav,3
/home/hiddenmist/Aman_Lakshay/EDA/free-spoken-digit-dataset-master/recordings/0_lucas_11.wav,0
/home/hiddenmist/Aman_Lakshay/EDA/free-spoken-digit-dataset-master/recordings/0_yweweler_13.wav,0
/home/hiddenmist/Aman_Lakshay/EDA/free-spoken-digit-dataset-master/recordings/3_jackson_19.wav,3
/home/hiddenmist/Aman_Lakshay/EDA/free-spoken-digit-dataset-master/recordings/8_lucas_26.wav,8
/home/hiddenmist/Aman_Lakshay/EDA/free-spoken-digit-dataset-master/recordings/1_theo_11.wav,1
/home/hiddenmist/Aman_Lakshay/EDA/free-spoken-digit-dataset-master/recordings/2_nicolas_19.wav,2
/home/hiddenmist/Aman_Lakshay/EDA/free-spoken-digit-dataset-master/recordings/2_yweweler_8.wav,2
/home/hiddenmist/Aman_Lakshay/EDA/free-spoken-digit-dataset-master/recordings/7_yweweler_27.wav,7
/home/hiddenmist/Aman_Lakshay/EDA/free-spoken-digit-dataset-master/recordings/6_george_46.wav,6
/home/hiddenmist/Aman_Lakshay/EDA/free-spoken-digit-dataset-master/recordings/5_nicolas_44.wav,5
/home/hiddenmist/Aman_Lakshay/EDA/free-spoken-digit-dataset-master/recordings/5_yweweler_20.wav,5
/home/hiddenmist/Aman_Lakshay/EDA/free-spoken-digit-dataset-master/recordings/4_yweweler_21.wav,4
/home/hiddenmist/Aman_Lakshay/EDA/free-spoken-digit-dataset-master/recordings/2_jackson_31.wav,2
/home/hiddenmist/Aman_Lakshay/EDA/free-spoken-digit-dataset-master/recordings/3_george_16.wav,3
/home/hiddenmist/Aman_Lakshay/EDA/free-spoken-digit-dataset-master/recordings/0_nicolas_5.wav,0
/home/hiddenmist/Aman_Lakshay/EDA/free-spoken-digit-dataset-master/recordings/0_lucas_40.wav,0
/home/hiddenmist/Aman_Lakshay/EDA/free-spoken-digit-dataset-master/recordings/4_jackson_31.wav,4
/home/hiddenmist/Aman_Lakshay/EDA/free-spoken-digit-dataset-master/recordings/2_theo_2.wav,2
/home/hiddenmist/Aman_Lakshay/EDA/free-spoken-digit-dataset-master/recordings/5_george_38.wav,5
/home/hiddenmist/Aman_Lakshay/EDA/free-spoken-digit-dataset-master/recordings/0_theo_13.wav,0
/home/hiddenmist/Aman_Lakshay/EDA/free-spoken-digit-dataset-master/recordings/2_lucas_29.wav,2
/home/hiddenmist/Aman_Lakshay/EDA/free-spoken-digit-dataset-master/recordings/3_jackson_32.wav,3
/home/hiddenmist/Aman_Lakshay/EDA/free-spoken-digit-dataset-master/recordings/1_lucas_17.wav,1
/home/hiddenmist/Aman_Lakshay/EDA/free-spoken-digit-dataset-master/recordings/5_lucas_8.wav,5
/home/hiddenmist/Aman_Lakshay/EDA/free-spoken-digit-dataset-master/recordings/4_theo_21.wav,4
/home/hiddenmist/Aman_Lakshay/EDA/free-spoken-digit-dataset-master/recordings/6_theo_35.wav,6
/home/hiddenmist/Aman_Lakshay/EDA/free-spoken-digit-dataset-master/recordings/4_lucas_27.wav,4
/home/hiddenmist/Aman_Lakshay/EDA/free-spoken-digit-dataset-master/recordings/4_theo_10.wav,4
/home/hiddenmist/Aman_Lakshay/EDA/free-spoken-digit-dataset-master/recordings/8_nicolas_27.wav,8
/home/hiddenmist/Aman_Lakshay/EDA/free-spoken-digit-dataset-master/recordings/5_nicolas_27.wav,5
/home/hiddenmist/Aman_Lakshay/EDA/free-spoken-digit-dataset-master/recordings/7_nicolas_5.wav,7
/home/hiddenmist/Aman_Lakshay/EDA/free-spoken-digit-dataset-master/recordings/3_jackson_13.wav,3
/home/hiddenmist/Aman_Lakshay/EDA/free-spoken-digit-dataset-master/recordings/6_george_44.wav,6
/home/hiddenmist/Aman_Lakshay/EDA/free-spoken-digit-dataset-master/recordings/6_nicolas_39.wav,6
/home/hiddenmist/Aman_Lakshay/EDA/free-spoken-digit-dataset-master/recordings/1_yweweler_26.wav,1
/home/hiddenmist/Aman_Lakshay/EDA/free-spoken-digit-dataset-master/recordings/2_george_2.wav,2
/home/hiddenmist/Aman_Lakshay/EDA/free-spoken-digit-dataset-master/recordings/6_nicolas_2.wav,6
/home/hiddenmist/Aman_Lakshay/EDA/free-spoken-digit-dataset-master/recordings/1_lucas_15.wav,1
/home/hiddenmist/Aman_Lakshay/EDA/free-spoken-digit-dataset-master/recordings/8_lucas_30.wav,8
/home/hiddenmist/Aman_Lakshay/EDA/free-spoken-digit-dataset-master/recordings/8_yweweler_26.wav,8
/home/hiddenmist/Aman_Lakshay/EDA/free-spoken-digit-dataset-master/recordings/0_lucas_35.wav,0
/home/hiddenmist/Aman_Lakshay/EDA/free-spoken-digit-dataset-master/recordings/9_nicolas_7.wav,9
/home/hiddenmist/Aman_Lakshay/EDA/free-spoken-digit-dataset-master/recordings/3_theo_4.wav,3
/home/hiddenmist/Aman_Lakshay/EDA/free-spoken-digit-dataset-master/recordings/6_yweweler_35.wav,6
/home/hiddenmist/Aman_Lakshay/EDA/free-spoken-digit-dataset-master/recordings/1_nicolas_48.wav,1
/home/hiddenmist/Aman_Lakshay/EDA/free-spoken-digit-dataset-master/recordings/2_jackson_41.wav,2
/home/hiddenmist/Aman_Lakshay/EDA/free-spoken-digit-dataset-master/recordings/2_jackson_19.wav,2
/home/hiddenmist/Aman_Lakshay/EDA/free-spoken-digit-dataset-master/recordings/8_george_20.wav,8
/home/hiddenmist/Aman_Lakshay/EDA/free-spoken-digit-dataset-master/recordings/8_george_34.wav,8
/home/hiddenmist/Aman_Lakshay/EDA/free-spoken-digit-dataset-master/recordings/4_george_38.wav,4
/home/hiddenmist/Aman_Lakshay/EDA/free-spoken-digit-dataset-master/recordings/0_nicolas_10.wav,0
/home/hiddenmist/Aman_Lakshay/EDA/free-spoken-digit-dataset-master/recordings/5_yweweler_19.wav,5
/home/hiddenmist/Aman_Lakshay/EDA/free-spoken-digit-dataset-master/recordings/9_george_18.wav,9
/home/hiddenmist/Aman_Lakshay/EDA/free-spoken-digit-dataset-master/recordings/2_lucas_48.wav,2
/home/hiddenmist/Aman_Lakshay/EDA/free-spoken-digit-dataset-master/recordings/6_yweweler_41.wav,6
/home/hiddenmist/Aman_Lakshay/EDA/free-spoken-digit-dataset-master/recordings/8_jackson_0.wav,8
/home/hiddenmist/Aman_Lakshay/EDA/free-spoken-digit-dataset-master/recordings/9_yweweler_27.wav,9
/home/hiddenmist/Aman_Lakshay/EDA/free-spoken-digit-dataset-master/recordings/8_nicolas_24.wav,8
/home/hiddenmist/Aman_Lakshay/EDA/free-spoken-digit-dataset-master/recordings/6_nicolas_36.wav,6
/home/hiddenmist/Aman_Lakshay/EDA/free-spoken-digit-dataset-master/recordings/7_george_37.wav,7
/home/hiddenmist/Aman_Lakshay/EDA/free-spoken-digit-dataset-master/recordings/4_jackson_8.wav,4
/home/hiddenmist/Aman_Lakshay/EDA/free-spoken-digit-dataset-master/recordings/3_george_47.wav,3
/home/hiddenmist/Aman_Lakshay/EDA/free-spoken-digit-dataset-master/recordings/3_nicolas_25.wav,3
/home/hiddenmist/Aman_Lakshay/EDA/free-spoken-digit-dataset-master/recordings/9_nicolas_33.wav,9
/home/hiddenmist/Aman_Lakshay/EDA/free-spoken-digit-dataset-master/recordings/0_lucas_8.wav,0
/home/hiddenmist/Aman_Lakshay/EDA/free-spoken-digit-dataset-master/recordings/9_theo_43.wav,9
/home/hiddenmist/Aman_Lakshay/EDA/free-spoken-digit-dataset-master/recordings/5_jackson_33.wav,5
/home/hiddenmist/Aman_Lakshay/EDA/free-spoken-digit-dataset-master/recordings/6_nicolas_4.wav,6
/home/hiddenmist/Aman_Lakshay/EDA/free-spoken-digit-dataset-master/recordings/0_nicolas_28.wav,0
/home/hiddenmist/Aman_Lakshay/EDA/free-spoken-digit-dataset-master/recordings/7_theo_35.wav,7
/home/hiddenmist/Aman_Lakshay/EDA/free-spoken-digit-dataset-master/recordings/3_george_39.wav,3
/home/hiddenmist/Aman_Lakshay/EDA/free-spoken-digit-dataset-master/recordings/7_george_38.wav,7
/home/hiddenmist/Aman_Lakshay/EDA/free-spoken-digit-dataset-master/recordings/7_lucas_31.wav,7
/home/hiddenmist/Aman_Lakshay/EDA/free-spoken-digit-dataset-master/recordings/1_jackson_30.wav,1
/home/hiddenmist/Aman_Lakshay/EDA/free-spoken-digit-dataset-master/recordings/2_jackson_45.wav,2
/home/hiddenmist/Aman_Lakshay/EDA/free-spoken-digit-dataset-master/recordings/8_yweweler_30.wav,8
/home/hiddenmist/Aman_Lakshay/EDA/free-spoken-digit-dataset-master/recordings/5_lucas_47.wav,5
/home/hiddenmist/Aman_Lakshay/EDA/free-spoken-digit-dataset-master/recordings/7_george_44.wav,7
/home/hiddenmist/Aman_Lakshay/EDA/free-spoken-digit-dataset-master/recordings/7_theo_25.wav,7
/home/hiddenmist/Aman_Lakshay/EDA/free-spoken-digit-dataset-master/recordings/9_yweweler_45.wav,9
/home/hiddenmist/Aman_Lakshay/EDA/free-spoken-digit-dataset-master/recordings/6_lucas_17.wav,6
/home/hiddenmist/Aman_Lakshay/EDA/free-spoken-digit-dataset-master/recordings/0_jackson_34.wav,0
/home/hiddenmist/Aman_Lakshay/EDA/free-spoken-digit-dataset-master/recordings/2_lucas_6.wav,2
/home/hiddenmist/Aman_Lakshay/EDA/free-spoken-digit-dataset-master/recordings/3_jackson_46.wav,3
/home/hiddenmist/Aman_Lakshay/EDA/free-spoken-digit-dataset-master/recordings/6_theo_17.wav,6
/home/hiddenmist/Aman_Lakshay/EDA/free-spoken-digit-dataset-master/recordings/6_jackson_16.wav,6
/home/hiddenmist/Aman_Lakshay/EDA/free-spoken-digit-dataset-master/recordings/2_lucas_32.wav,2
/home/hiddenmist/Aman_Lakshay/EDA/free-spoken-digit-dataset-master/recordings/7_jackson_29.wav,7
/home/hiddenmist/Aman_Lakshay/EDA/free-spoken-digit-dataset-master/recordings/3_theo_14.wav,3
/home/hiddenmist/Aman_Lakshay/EDA/free-spoken-digit-dataset-master/recordings/1_lucas_1.wav,1
/home/hiddenmist/Aman_Lakshay/EDA/free-spoken-digit-dataset-master/recordings/0_nicolas_18.wav,0
/home/hiddenmist/Aman_Lakshay/EDA/free-spoken-digit-dataset-master/recordings/4_yweweler_39.wav,4
/home/hiddenmist/Aman_Lakshay/EDA/free-spoken-digit-dataset-master/recordings/1_george_42.wav,1
/home/hiddenmist/Aman_Lakshay/EDA/free-spoken-digit-dataset-master/recordings/4_theo_36.wav,4
/home/hiddenmist/Aman_Lakshay/EDA/free-spoken-digit-dataset-master/recordings/1_theo_37.wav,1
/home/hiddenmist/Aman_Lakshay/EDA/free-spoken-digit-dataset-master/recordings/2_theo_24.wav,2
/home/hiddenmist/Aman_Lakshay/EDA/free-spoken-digit-dataset-master/recordings/0_theo_32.wav,0
/home/hiddenmist/Aman_Lakshay/EDA/free-spoken-digit-dataset-master/recordings/2_george_36.wav,2
/home/hiddenmist/Aman_Lakshay/EDA/free-spoken-digit-dataset-master/recordings/4_lucas_7.wav,4
/home/hiddenmist/Aman_Lakshay/EDA/free-spoken-digit-dataset-master/recordings/2_jackson_43.wav,2
/home/hiddenmist/Aman_Lakshay/EDA/free-spoken-digit-dataset-master/recordings/1_nicolas_27.wav,1
/home/hiddenmist/Aman_Lakshay/EDA/free-spoken-digit-dataset-master/recordings/1_lucas_19.wav,1
/home/hiddenmist/Aman_Lakshay/EDA/free-spoken-digit-dataset-master/recordings/7_jackson_4.wav,7
/home/hiddenmist/Aman_Lakshay/EDA/free-spoken-digit-dataset-master/recordings/5_nicolas_11.wav,5
/home/hiddenmist/Aman_Lakshay/EDA/free-spoken-digit-dataset-master/recordings/6_nicolas_32.wav,6
/home/hiddenmist/Aman_Lakshay/EDA/free-spoken-digit-dataset-master/recordings/7_george_48.wav,7
/home/hiddenmist/Aman_Lakshay/EDA/free-spoken-digit-dataset-master/recordings/1_lucas_4.wav,1
/home/hiddenmist/Aman_Lakshay/EDA/free-spoken-digit-dataset-master/recordings/3_nicolas_15.wav,3
/home/hiddenmist/Aman_Lakshay/EDA/free-spoken-digit-dataset-master/recordings/4_nicolas_23.wav,4
/home/hiddenmist/Aman_Lakshay/EDA/free-spoken-digit-dataset-master/recordings/3_nicolas_30.wav,3
/home/hiddenmist/Aman_Lakshay/EDA/free-spoken-digit-dataset-master/recordings/3_theo_29.wav,3
/home/hiddenmist/Aman_Lakshay/EDA/free-spoken-digit-dataset-master/recordings/9_yweweler_7.wav,9
/home/hiddenmist/Aman_Lakshay/EDA/free-spoken-digit-dataset-master/recordings/4_nicolas_26.wav,4
/home/hiddenmist/Aman_Lakshay/EDA/free-spoken-digit-dataset-master/recordings/1_lucas_12.wav,1
/home/hiddenmist/Aman_Lakshay/EDA/free-spoken-digit-dataset-master/recordings/2_george_14.wav,2
/home/hiddenmist/Aman_Lakshay/EDA/free-spoken-digit-dataset-master/recordings/4_yweweler_3.wav,4
/home/hiddenmist/Aman_Lakshay/EDA/free-spoken-digit-dataset-master/recordings/6_george_9.wav,6
/home/hiddenmist/Aman_Lakshay/EDA/free-spoken-digit-dataset-master/recordings/7_theo_28.wav,7
/home/hiddenmist/Aman_Lakshay/EDA/free-spoken-digit-dataset-master/recordings/9_george_9.wav,9
/home/hiddenmist/Aman_Lakshay/EDA/free-spoken-digit-dataset-master/recordings/9_george_42.wav,9
/home/hiddenmist/Aman_Lakshay/EDA/free-spoken-digit-dataset-master/recordings/2_yweweler_18.wav,2
/home/hiddenmist/Aman_Lakshay/EDA/free-spoken-digit-dataset-master/recordings/6_jackson_28.wav,6
/home/hiddenmist/Aman_Lakshay/EDA/free-spoken-digit-dataset-master/recordings/4_lucas_13.wav,4
/home/hiddenmist/Aman_Lakshay/EDA/free-spoken-digit-dataset-master/recordings/6_jackson_32.wav,6
/home/hiddenmist/Aman_Lakshay/EDA/free-spoken-digit-dataset-master/recordings/3_yweweler_18.wav,3
/home/hiddenmist/Aman_Lakshay/EDA/free-spoken-digit-dataset-master/recordings/9_jackson_17.wav,9
/home/hiddenmist/Aman_Lakshay/EDA/free-spoken-digit-dataset-master/recordings/4_lucas_23.wav,4
/home/hiddenmist/Aman_Lakshay/EDA/free-spoken-digit-dataset-master/recordings/5_nicolas_17.wav,5
/home/hiddenmist/Aman_Lakshay/EDA/free-spoken-digit-dataset-master/recordings/0_jackson_42.wav,0
/home/hiddenmist/Aman_Lakshay/EDA/free-spoken-digit-dataset-master/recordings/5_jackson_25.wav,5
/home/hiddenmist/Aman_Lakshay/EDA/free-spoken-digit-dataset-master/recordings/9_yweweler_0.wav,9
/home/hiddenmist/Aman_Lakshay/EDA/free-spoken-digit-dataset-master/recordings/7_george_36.wav,7
/home/hiddenmist/Aman_Lakshay/EDA/free-spoken-digit-dataset-master/recordings/9_lucas_1.wav,9
/home/hiddenmist/Aman_Lakshay/EDA/free-spoken-digit-dataset-master/recordings/9_yweweler_44.wav,9
/home/hiddenmist/Aman_Lakshay/EDA/free-spoken-digit-dataset-master/recordings/3_nicolas_37.wav,3
/home/hiddenmist/Aman_Lakshay/EDA/free-spoken-digit-dataset-master/recordings/0_jackson_20.wav,0
/home/hiddenmist/Aman_Lakshay/EDA/free-spoken-digit-dataset-master/recordings/2_nicolas_29.wav,2
/home/hiddenmist/Aman_Lakshay/EDA/free-spoken-digit-dataset-master/recordings/0_theo_25.wav,0
/home/hiddenmist/Aman_Lakshay/EDA/free-spoken-digit-dataset-master/recordings/5_theo_2.wav,5
/home/hiddenmist/Aman_Lakshay/EDA/free-spoken-digit-dataset-master/recordings/2_nicolas_26.wav,2
/home/hiddenmist/Aman_Lakshay/EDA/free-spoken-digit-dataset-master/recordings/3_nicolas_9.wav,3
/home/hiddenmist/Aman_Lakshay/EDA/free-spoken-digit-dataset-master/recordings/8_lucas_8.wav,8
/home/hiddenmist/Aman_Lakshay/EDA/free-spoken-digit-dataset-master/recordings/1_nicolas_3.wav,1
/home/hiddenmist/Aman_Lakshay/EDA/free-spoken-digit-dataset-master/recordings/3_yweweler_5.wav,3
/home/hiddenmist/Aman_Lakshay/EDA/free-spoken-digit-dataset-master/recordings/7_george_3.wav,7
